site_name,sensor_X,sensor_Y,wavelength,var_name,n_clean,n_no_out,n_w_nm,n_w_nm_clean,Slope,Slope_log,Slope_II_low,Slope_II,Slope_II_high,Slope_II_int_low,Slope_II_int,Slope_II_int_high,Slope_II_p,Slope_II_slope_bias_sig,Slope_II_int_bias_sig,RMSE,MSA,MAPE,MRD_25,MRD_50,MRD_75,MARD_25,MARD_50,MARD_75,Bias_25,Bias_50,Bias_75,Error_25,Error_50,Error_75
MAFR,HYPERNETS,AQUA,412,RHOW,3,3,3,3,0.342,0.6671,0.027,0.4618,7.9107,-0.172618,0.003236,0.013501,NA,FALSE,FALSE,0.010223,0.009471,39.0737,-0.446256,-0.408719,-0.344209,0.344209,0.408719,0.446256,-81.0051,-69.1243,-53.2308,53.2308,69.1243,81.0051
MAFR,AQUA,HYPERNETS,412,RHOW,3,3,3,3,1.6041,0.9222,0.1264,2.1656,37.0985,-0.50086,-0.007007,0.021821,NA,FALSE,FALSE,0.010223,0.009471,67.2252,0.539776,0.691243,0.814224,0.539776,0.691243,0.814224,53.2308,69.1243,81.0051,53.2308,69.1243,81.0051
MAFR,HYPERNETS,AQUA,443,RHOW,3,3,3,3,0.4843,0.7165,0.0381,0.6596,11.4187,-0.361314,0.004697,0.025841,NA,FALSE,FALSE,0.008658,0.006882,18.9838,-0.270657,-0.23319,-0.130695,0.130695,0.23319,0.270657,-37.291,-30.4105,-15.8424,15.8424,30.4105,37.291
MAFR,AQUA,HYPERNETS,443,RHOW,3,3,3,3,1.1131,0.8445,0.0876,1.516,26.2431,-0.678143,-0.007121,0.031642000000000003,NA,FALSE,FALSE,0.008658,0.006882,25.949,0.166561,0.304105,0.374725,0.166561,0.304105,0.374725,15.8424,30.4105,37.291,15.8424,30.4105,37.291
MAFR,HYPERNETS,AQUA,469,RHOW,3,3,3,3,0.5321,0.7052,0.042,0.79990000000000006,15.2191,-0.590998,0.004101,0.035378,NA,FALSE,FALSE,0.007831,0.007274,17.1124,-0.194194,-0.176262,-0.025639,0.150623,0.176262,0.194194,-24.13,-21.3978,-3.8801,16.8634,21.3978,24.13
MAFR,AQUA,HYPERNETS,469,RHOW,3,3,3,3,0.8316,0.6931,0.0657,1.2502,23.7876,-0.841551,-0.005127,0.038833,NA,FALSE,FALSE,0.007831,0.007274,19.8105,0.05144,0.213978,0.241608,0.162538,0.213978,0.241608,3.8801,21.3978,24.13,16.8634,21.3978,24.13
MAFR,HYPERNETS,AQUA,488,RHOW,3,3,3,3,0.4456,0.5635,0.0369,0.7634,15.7871,-0.710457,0.007606,0.042327,NA,FALSE,FALSE,0.008765,0.008376,17.1771,-0.174697,-0.153602,0.006158,0.159759,0.165917,0.180855,-21.2073,-18.1477,-0.6651,17.3671,18.1477,21.2073
MAFR,AQUA,HYPERNETS,488,RHOW,3,3,3,3,0.7647,0.6431,0.0633,1.31,27.0917,-1.14671,-0.009964,0.045002,NA,FALSE,FALSE,0.008765,0.008376,18.9081,0.019585,0.181477,0.212469,0.161891,0.181477,0.212469,0.6651,18.1477,21.2073,17.3671,18.1477,21.2073
MAFR,HYPERNETS,AQUA,531,RHOW,3,3,3,3,0.4829,0.5561,0.0407,0.8545,17.954,-1.071097,0.010268,0.061733,NA,FALSE,FALSE,0.011564,0.010314,16.9329,-0.099378,-0.082032,0.1136,0.099378,0.116724,0.212978,-11.0549,-8.9362,9.6282,11.0549,13.2149,21.7475
MAFR,AQUA,HYPERNETS,531,RHOW,3,3,3,3,0.6615,0.6054,0.0557,1.1703,24.5903,-1.518023,-0.012017,0.059658,NA,FALSE,FALSE,0.011564,0.010314,15.2568,-0.073416,0.089362,0.110756,0.110756,0.132149,0.184171,-9.6282,8.9362,11.0549,11.0549,13.2149,21.7475
MAFR,HYPERNETS,AQUA,547,RHOW,3,3,3,3,0.5142,0.6313,0.0419,0.8489,17.2068,-1.165301,0.009407,0.067362,NA,FALSE,FALSE,0.013708,0.013004,18.41,-0.138223,-0.122509,0.076673,0.138223,0.153936,0.214895,-16.0585,-13.9613,5.8088,16.0585,18.1944,22.8002
MAFR,AQUA,HYPERNETS,547,RHOW,3,3,3,3,0.7135,0.6317,0.0581,1.178,23.877,-1.608403,-0.011081,0.067723,NA,FALSE,FALSE,0.013708,0.013004,17.9256,-0.038299,0.139613,0.160778,0.160778,0.181944,0.199078,-5.8088,13.9613,16.0585,16.0585,18.1944,22.8002
MAFR,HYPERNETS,AQUA,645,RHOW,3,3,3,3,0.7321,1.0047,0.0676,0.8366,10.3538,-0.580753,0.003729,0.050955,NA,FALSE,FALSE,0.015502,0.013097,20.0747,-0.219218,-0.186342,-0.011268,0.175073,0.186342,0.219218,-28.1903,-22.9017,-2.7635,19.5967,22.9017,28.1903
MAFR,AQUA,HYPERNETS,645,RHOW,3,3,3,3,1.0461,0.8911,0.0966,1.1954,14.7942,-0.753833,-0.004458,0.056091,NA,FALSE,FALSE,0.015502,0.013097,23.5611,0.044134,0.229017,0.283041,0.184883,0.229017,0.283041,2.7635,22.9017,28.1903,19.5967,22.9017,28.1903
MAFR,HYPERNETS,AQUA,667,RHOW,3,3,3,3,0.7355,0.9685,0.07,0.8298,9.8343,-0.503415,0.004906,0.047796,NA,FALSE,FALSE,0.014525,0.011921,18.4248,-0.183382,-0.120219,0.032881,0.15310000000000001,0.185981,0.216263,-22.8242,-13.6647,2.1471,16.1052,18.5981,25.4614
MAFR,AQUA,HYPERNETS,667,RHOW,3,3,3,3,1.0682,0.9484,0.1017,1.2051,14.2831,-0.682676,-0.005913,0.05119,NA,FALSE,FALSE,0.014525,0.011921,20.6894,-0.010085,0.136647,0.231933,0.146732,0.156816,0.242018,-2.1471,13.6647,22.8242,16.1052,18.5981,25.4614
MAFR,HYPERNETS,S3A,400,RHOW,209,122,122,79,-0.3125,-0.3092,-5.4033,-4.3171,-3.4492,0.112182,0.134368,0.162137,NA,TRUE,TRUE,0.025625,0.017006,67.0474,-0.559768,-0.370603,0.1599,0.291023,0.538311,0.745915,-127.1544,-58.8821,15.9832,35.9911,82.8742,187.0188
MAFR,S3A,HYPERNETS,400,RHOW,209,122,122,79,-0.0168,-0.0369,-0.2899,-0.2316,-0.1851,0.030007,0.031125,0.032524,NA,TRUE,TRUE,0.025625,0.017006,117.0062,-0.137755,0.588821,1.271557,0.307334,0.717106,1.271557,-15.9832,58.8821,127.1544,35.9911,82.8742,187.0188
MAFR,HYPERNETS,S3A,412,RHOW,209,122,122,95,0.0769,0.6699,2.8661,3.5162,4.3138,-0.101178,-0.078005,-0.059116,NA,TRUE,TRUE,0.024763,0.017432,61.0995,-0.651888,-0.370039,0.049485,0.293896,0.48623,0.771502,-187.2651,-58.74,4.9235,37.876,81.0207,208.2105
MAFR,S3A,HYPERNETS,412,RHOW,209,122,122,95,0.0062,0.0543,0.2318,0.2844,0.3489,0.020626,0.022184,0.023454,NA,TRUE,TRUE,0.024763,0.017432,172.8851,-0.046698,0.5874,1.87266,0.285317,0.680477,1.87266,-4.9235,58.74,187.2651,37.876,81.0207,208.2105
MAFR,HYPERNETS,S3A,442,RHOW,209,122,122,110,0.0631,0.1711,1.8952,2.2907,2.7687,-0.089567,-0.068148,-0.050427,NA,TRUE,TRUE,0.025988,0.019799,50.4239,-0.523508,-0.317913,-0.067916,0.227831,0.374074,0.559097,-109.8672,-46.6155,-7.2896,28.7717,59.7637,121.4336
MAFR,S3A,HYPERNETS,442,RHOW,209,122,122,110,0.012,0.0477,0.3612,0.4366,0.5277,0.026608,0.02975,0.03235,NA,TRUE,TRUE,0.025988,0.019799,89.1526,0.072927,0.466221,1.098674,0.257354,0.529206,1.098674,7.2896,46.6155,109.8672,28.7717,59.7637,121.4336
MAFR,HYPERNETS,S3A,490,RHOW,209,122,122,120,0.1102,0.3139,1.4942,1.7905,2.1457,-0.090682,-0.067335,-0.047852,NA,TRUE,TRUE,0.028608,0.02254,34.3115,-0.394658,-0.263794,-0.131612,0.175123,0.297131,0.427094,-65.1962,-35.8353,-15.1624,20.9826,42.1208,73.1188
MAFR,S3A,HYPERNETS,490,RHOW,209,122,122,120,0.0344,0.0671,0.466,0.5585,0.6693,0.032026,0.037606,0.042261,NA,TRUE,TRUE,0.028608,0.02254,63.8745,0.151688,0.358392,0.651966,0.204893,0.405368,0.651966,15.1624,35.8353,65.1962,20.9826,42.1208,73.1188
MAFR,HYPERNETS,S3A,510,RHOW,209,122,122,122,0.3128,0.7496,1.3244,1.5797,1.8841,-0.082777,-0.059622,-0.040208,NA,TRUE,TRUE,0.028376,0.022335,29.4889,-0.343422,-0.232038,-0.12041,0.145626,0.262928,0.366074,-52.3049,-30.2153,-13.6894,16.7705,35.2804,56.4861
MAFR,S3A,HYPERNETS,510,RHOW,209,122,122,122,0.1254,0.1503,0.5307,0.633,0.755,0.030359,0.037743,0.043933,NA,TRUE,TRUE,0.028376,0.022335,55.429,0.136894,0.302158,0.52305,0.163625,0.34389,0.524892,13.6894,30.2153,52.3049,16.7705,35.2804,56.4861
MAFR,HYPERNETS,S3A,560,RHOW,209,122,122,122,0.5113,0.8532,1.0088,1.1867,1.3959,-0.057876,-0.03587,-0.017162,NA,TRUE,TRUE,0.028419,0.022302,21.1755,-0.245554,-0.165201,-0.08223,0.102378,0.188338,0.26189,-32.5475,-19.7899,-8.9598,11.4055,22.5891,34.8869
MAFR,S3A,HYPERNETS,560,RHOW,209,122,122,122,0.3631,0.3891,0.7164,0.8427,0.9913,0.017012,0.030227,0.041462,NA,TRUE,TRUE,0.028419,0.022302,28.998,0.089598,0.197905,0.325475,0.111552,0.225892,0.342176,8.9598,19.7899,32.5475,11.4055,22.5891,34.8869
MAFR,HYPERNETS,S3A,620,RHOW,209,122,122,120,0.7054,0.9754,0.9051,1.0338,1.1807,-0.0322,-0.01793,-0.005435,NA,FALSE,TRUE,0.027965,0.02121,23.7306,-0.263154,-0.154785,-0.090667,0.108703,0.188917,0.287108,-35.7139,-18.3135,-9.9708,12.1961,22.7806,37.9624
MAFR,S3A,HYPERNETS,620,RHOW,209,122,122,120,0.66,0.6315,0.847,0.9673,1.1048,0.006005,0.017344,0.027272,NA,FALSE,TRUE,0.027965,0.02121,31.8599,0.099708,0.183139,0.35714,0.121962,0.220672,0.370498,9.9708,18.3135,35.7139,12.1961,22.7806,37.9624
MAFR,HYPERNETS,S3A,665,RHOW,209,122,122,120,0.7614,1.0339,0.9172,1.0379,1.1744,-0.027767,-0.015805,-0.005234,NA,FALSE,TRUE,0.026782,0.019543,26.4659,-0.273883,-0.155486,-0.07571,0.098458,0.178213,0.320404,-37.7191,-18.4119,-8.1912,10.9211,21.6021,45.3715
MAFR,S3A,HYPERNETS,665,RHOW,209,122,122,120,0.7069,0.641,0.8515,0.9635,1.0902,0.005706,0.015229,0.023644,NA,FALSE,TRUE,0.026782,0.019543,36.4815,0.081912,0.184125,0.377194,0.109211,0.209473,0.433171,8.1912,18.4119,37.7191,10.9211,21.6021,45.3715
MAFR,HYPERNETS,S3A,673,RHOW,209,122,122,120,0.7696,1.05,0.921,1.0409,1.1765,-0.027693,-0.015981,-0.005618,NA,FALSE,TRUE,0.026725,0.019487,27.1973,-0.286633,-0.16247,-0.077726,0.103133,0.1818,0.327924,-40.1804,-19.399,-8.4279,11.4995,21.4919,47.7904
MAFR,S3A,HYPERNETS,673,RHOW,209,122,122,120,0.7103,0.6372,0.85,0.9607,1.0858,0.0061,0.015353,0.023539,NA,FALSE,TRUE,0.026725,0.019487,37.8531,0.084282,0.193993,0.401806,0.114997,0.210473,0.462581,8.4279,19.399,40.1804,11.4995,21.4919,47.7904
MAFR,HYPERNETS,S3A,681,RHOW,209,122,122,120,0.7707,1.0416,0.9191,1.0383,1.1728,-0.027093,-0.015581,-0.005389,NA,FALSE,TRUE,0.026646,0.019384,27.3339,-0.281973,-0.162456,-0.082081,0.104013,0.181641,0.325605,-39.2727,-19.3977,-8.9436,11.6088,21.6038,45.8568
MAFR,S3A,HYPERNETS,681,RHOW,209,122,122,120,0.715,0.6497,0.8527,0.9632,1.088,0.005863,0.015007,0.023101,NA,FALSE,TRUE,0.026646,0.019384,37.1913,0.089451,0.193987,0.392751,0.116088,0.21605,0.449032,8.9436,19.3977,39.2727,11.6088,21.6038,45.8568
MAFR,HYPERNETS,S3A,709,RHOW,209,122,122,120,0.821,1.022,0.9705,1.0945,1.2344,-0.022473,-0.01302,-0.004638,NA,FALSE,TRUE,0.024257,0.015565,31.7545,-0.284117,-0.148219,-0.040102,0.084919,0.181959,0.315348,-39.688,-17.4012,-4.1778,9.28,20.5609,46.0599
MAFR,S3A,HYPERNETS,709,RHOW,209,122,122,120,0.6854,0.6806,0.8101,0.9137,1.0304,0.004779,0.011896,0.018206,NA,FALSE,TRUE,0.024257,0.015565,36.981,0.041778,0.174013,0.396884,0.092801,0.198633,0.439074,4.1778,17.4012,39.688,9.28,20.5609,46.0599
MAFR,HYPERNETS,S3A,754,RHOW,209,122,122,120,0.8097,0.8459,1.2795,1.4903,1.7357,-0.018986,-0.012212,-0.006396,NA,TRUE,TRUE,0.023104,0.010533,72.2815,-0.27052,-0.155511,0.071108,0.109159,0.212956,0.366039,-37.0849,-18.4176,7.1107,11.245,25.655,51.4644
MAFR,S3A,HYPERNETS,754,RHOW,209,122,122,120,0.3646,0.7027,0.5761,0.671,0.7815,0.004999,0.008195,0.010938,NA,TRUE,TRUE,0.023104,0.010533,36.025,-0.066387,0.184203,0.37086,0.103938,0.247407,0.482684,-7.1107,18.4176,37.0849,11.245,25.655,51.4644
MAFR,HYPERNETS,S3A,779,RHOW,209,122,122,122,0.8145,0.9058,1.3333,1.5542,1.8118,-0.020643,-0.013384,-0.007157,NA,TRUE,TRUE,0.025628,0.011406,78.55,-0.252476,-0.141769,0.089252,0.118772,0.214114,0.345422,-33.775,-16.5229,8.9252,12.039,25.0203,46.8189
MAFR,S3A,HYPERNETS,779,RHOW,209,122,122,122,0.3372,0.6673,0.5519,0.6434,0.75,0.005368,0.008611,0.011394,NA,TRUE,TRUE,0.025628,0.011406,41.3882,-0.081938,0.165271,0.33775,0.107425,0.235321,0.457632,-8.9252,16.5229,33.775,12.039,25.0203,46.8189
MAFR,HYPERNETS,S3A,865,RHOW,209,122,122,122,0.9336,0.91,2.0559,2.4273,2.8658,-0.024629,-0.017866,-0.012138,NA,TRUE,TRUE,0.023909,0.008957,114.4864,-0.248743,-0.125337,0.160721,0.132813,0.215357,0.425762,-33.1106,-14.3301,16.071,15.1795,26.155,58.0958
MAFR,S3A,HYPERNETS,865,RHOW,209,122,122,122,0.1585,0.6171,0.3489,0.412,0.4864,0.005904,0.007361,0.008594,NA,TRUE,TRUE,0.023909,0.008957,39.2357,-0.13845,0.143304,0.331108,0.142055,0.255123,0.510207,-16.071,14.3301,33.1106,15.1795,26.155,58.0958
MAFR,HYPERNETS,S3A,885,RHOW,209,122,122,122,1.0097,0.9606,2.5384,3.007,3.5622,-0.027624,-0.020632,-0.01473,NA,TRUE,TRUE,0.023577,0.008425,124.5751,-0.294461,-0.102716,0.129995,0.114252,0.231613,0.437459,-41.736,-11.4496,12.9961,12.2851,29.6075,66.8217
MAFR,S3A,HYPERNETS,885,RHOW,209,122,122,122,0.1117,0.5787,0.2807,0.3326,0.394,0.005803,0.006861,0.007755,NA,TRUE,TRUE,0.023577,0.008425,39.9415,-0.114987,0.114518,0.417364,0.119586,0.291047,0.570026,-12.9961,11.4496,41.736,12.2851,29.6075,66.8217
MAFR,HYPERNETS,S3A,1020,RHOW,209,122,122,102,0.858,0.2538,14.7319,17.9378,21.8414,-0.045662,-0.035479,-0.027116,NA,TRUE,TRUE,0.024979,0.008841,676.5772,0.605114,1.256317,2.592888,0.605114,1.256317,2.592888,60.5055,125.6203,259.2883,63.9451,125.6203,259.2883
MAFR,S3A,HYPERNETS,1020,RHOW,209,122,122,102,0.0027,0.1784,0.0458,0.0557,0.0679,0.001841,0.001978,0.002091,NA,TRUE,TRUE,0.024979,0.008841,55.3624,-0.721672,-0.556755,-0.376945,0.395147,0.565009,0.724688,-259.2883,-125.6203,-60.5055,63.9451,125.6203,259.2883
MAFR,HYPERNETS,S3B,400,RHOW,169,96,96,65,-0.4786,-0.2507,-1.6348,-1.2964,-1.0281,0.038949,0.044869,0.052335,NA,TRUE,TRUE,0.015968,0.013657,299.2446,-0.679941,-0.439398,0.053695,0.307095,0.582291,0.771689,-212.4426,-78.3797,5.3695,44.3199,129.1092,251.8059
MAFR,S3B,HYPERNETS,400,RHOW,169,96,96,65,-0.2848,-0.2704,-0.9727,-0.7713,-0.6117,0.032013,0.03461,0.037883,NA,TRUE,TRUE,0.015968,0.013657,145.2537,-0.050959,0.783797,2.124426,0.40918,0.852694,2.124426,-5.3695,78.3797,212.4426,44.3199,129.1092,251.8059
MAFR,HYPERNETS,S3B,412,RHOW,169,96,96,73,-0.4875,-0.3023,-1.4107,-1.1408,-0.9225,0.042699,0.048237,0.055085,NA,TRUE,TRUE,0.017944,0.01533,137.8607,-0.608693,-0.376604,0.060142,0.308828,0.547356,0.740704,-155.5536,-60.4117,6.0142,44.6818,100.6563,202.9929
MAFR,S3B,HYPERNETS,412,RHOW,169,96,96,73,-0.3746,-0.2833,-1.084,-0.8766,-0.7089,0.039049,0.042284,0.046285,NA,TRUE,TRUE,0.017944,0.01533,151.8085,-0.056731,0.604117,1.555536,0.421574,0.813181,1.555536,-6.0142,60.4117,155.5536,44.6818,100.6563,202.9929
MAFR,HYPERNETS,S3B,442,RHOW,169,96,96,90,-0.0842,0.067,-1.3251,-1.0745,-0.8712,0.064703,0.072794,0.082772,NA,TRUE,TRUE,0.020747,0.018073,56.9817,-0.459487,-0.303034,-0.02495,0.229028,0.424993,0.671447,-85.0213,-43.4799,-2.5588,29.2665,67.2081,143.0401
MAFR,S3B,HYPERNETS,442,RHOW,169,96,96,90,-0.073,0.0354,-1.1478,-0.9307,-0.7547,0.062466,0.06775,0.074266,NA,TRUE,TRUE,0.020747,0.018073,96.9539,0.025588,0.434807,0.850331,0.279466,0.570209,0.860963,2.5588,43.4799,85.0213,29.2665,67.2081,143.0401
MAFR,HYPERNETS,S3B,490,RHOW,169,96,96,95,-0.0286,0.0236,-1.3531,-1.1029,-0.899,0.100723,0.112941,0.127931,NA,TRUE,TRUE,0.023594,0.019923,33.692,-0.386639,-0.25203,-0.023999,0.188847,0.304847,0.460836,-63.0624,-33.6952,-2.4677,23.2826,41.4106,72.7668
MAFR,S3B,HYPERNETS,490,RHOW,169,96,96,95,-0.0235,0.0086,-1.1123,-0.9067,-0.739,0.094546,0.1024,0.112035,NA,TRUE,TRUE,0.023594,0.019923,59.9829,0.024766,0.336952,0.630887,0.222096,0.383166,0.630887,2.4677,33.6952,63.0624,23.2826,41.4106,72.7668
MAFR,HYPERNETS,S3B,510,RHOW,169,96,96,95,0.1053,0.229,0.8629,1.0577,1.2964,-0.033598,-0.016797,-0.003089,NA,FALSE,TRUE,0.023268,0.019591,27.7399,-0.334123,-0.21602,-0.012479,0.160457,0.24761,0.376405,-50.1991,-27.5542,-1.2642,19.1125,31.6548,54.4066
MAFR,S3B,HYPERNETS,510,RHOW,169,96,96,95,0.0941,0.1094,0.7714,0.9455,1.1588,0.00358,0.015881,0.025917,NA,FALSE,TRUE,0.023268,0.019591,41.4332,0.012648,0.275542,0.502203,0.182255,0.30013,0.502203,1.2642,27.5542,50.1991,19.1125,31.6548,54.4066
MAFR,HYPERNETS,S3B,560,RHOW,169,96,96,96,0.5033,0.9279,0.8817,1.0545,1.2612,-0.039897,-0.019447,-0.002349,NA,FALSE,TRUE,0.024488,0.020149,20.2069,-0.251508,-0.161153,0.008064,0.105424,0.177993,0.26891,-33.6021,-19.2118,0.8041,10.6559,20.8713,33.8987
MAFR,S3B,HYPERNETS,560,RHOW,169,96,96,96,0.4526,0.3197,0.7929,0.9483,1.1342,0.002664,0.018442,0.031633,NA,FALSE,TRUE,0.024488,0.020149,32.692,-0.007955,0.192123,0.336021,0.097886,0.203953,0.336021,-0.8041,19.2118,33.6021,10.6559,20.8713,33.8987
MAFR,HYPERNETS,S3B,620,RHOW,169,96,96,95,0.7995,1.1052,0.8851,1.0017,1.1337,-0.026146,-0.0136,-0.002513,NA,FALSE,TRUE,0.023886,0.01896,20.4788,-0.271943,-0.158608,0.014385,0.102637,0.182058,0.288902,-37.3574,-18.8507,1.427,10.2637,21.9872,37.3574
MAFR,S3B,HYPERNETS,620,RHOW,169,96,96,95,0.7967,0.7143,0.8821,0.9983,1.1298,0.00284,0.013576,0.023063,NA,FALSE,TRUE,0.023886,0.01896,29.3035,-0.013958,0.188507,0.373629,0.094395,0.210932,0.373629,-1.427,18.8507,37.3574,10.2637,21.9872,37.3574
MAFR,HYPERNETS,S3B,665,RHOW,169,96,96,95,0.8649,1.2136,0.9148,1.0201,1.1376,-0.02444,-0.014072,-0.004775,NA,FALSE,TRUE,0.02283,0.017898,22.0793,-0.31313,-0.152759,0.028779,0.109591,0.185453,0.32687,-45.5881,-18.0301,2.8778,11.3524,19.9777,45.5881
MAFR,S3B,HYPERNETS,665,RHOW,169,96,96,95,0.831,0.685,0.879,0.9803,1.0931,0.00522,0.013794,0.021484,NA,FALSE,TRUE,0.02283,0.017898,36.9187,-0.027973,0.180301,0.455881,0.102122,0.194681,0.455881,-2.8778,18.0301,45.5881,11.3524,19.9777,45.5881
MAFR,HYPERNETS,S3B,673,RHOW,169,96,96,95,0.8712,1.2331,0.9179,1.0221,1.138,-0.024343,-0.01421,-0.00511,NA,FALSE,TRUE,0.022764,0.017897,22.5176,-0.314393,-0.150816,0.02953,0.114334,0.186057,0.334688,-45.8592,-17.7602,2.9518,11.946,20.2516,45.8592
MAFR,S3B,HYPERNETS,673,RHOW,169,96,96,95,0.834,0.6751,0.8787,0.9784,1.0894,0.005567,0.013903,0.02139,NA,FALSE,TRUE,0.022764,0.017897,39.104,-0.028661,0.177602,0.458624,0.106708,0.202209,0.458624,-2.9518,17.7602,45.8592,11.946,20.2516,45.8592
MAFR,HYPERNETS,S3B,681,RHOW,169,96,96,95,0.8756,1.2315,0.9194,1.0223,1.1367,-0.024049,-0.014099,-0.00515,NA,FALSE,TRUE,0.022657,0.01775,22.4821,-0.313457,-0.153408,0.028399,0.109605,0.178885,0.335842,-45.6579,-18.1206,2.8397,11.497,20.7718,45.6579
MAFR,S3B,HYPERNETS,681,RHOW,169,96,96,95,0.8378,0.6775,0.8797,0.9782,1.0877,0.005601,0.013791,0.021157,NA,FALSE,TRUE,0.022657,0.01775,39.5174,-0.027611,0.181206,0.456584,0.10315,0.207526,0.456584,-2.8397,18.1206,45.6579,11.497,20.7718,45.6579
MAFR,HYPERNETS,S3B,709,RHOW,169,96,96,95,0.9457,1.3849,0.9729,1.0718,1.1806,-0.020695,-0.012816,-0.005664,NA,FALSE,TRUE,0.019573,0.015024,23.8002,-0.322852,-0.133021,0.064297000000000007,0.10354,0.184598,0.338065,-47.6815,-15.3431,6.4195,11.4442,21.0711,48.7893
MAFR,S3B,HYPERNETS,709,RHOW,169,96,96,95,0.8233,0.5464,0.847,0.933,1.0278,0.005821,0.011958,0.017529,NA,FALSE,TRUE,0.019573,0.015024,121.9978,-0.060233,0.153431,0.476847,0.108988,0.179843,0.476847,-6.4195,15.3431,47.6815,11.4442,21.0711,48.7893
MAFR,HYPERNETS,S3B,754,RHOW,169,96,96,95,1.0757,1.0654,1.1227,1.2451,1.381,-0.013658,-0.009108,-0.005006,NA,TRUE,TRUE,0.01432,0.009689,31.9886,-0.276463,-0.09645,0.18434,0.144832,0.242573,0.458367,-38.2099,-10.6745,18.4339,16.5234,30.4334,57.6798
MAFR,S3B,HYPERNETS,754,RHOW,169,96,96,95,0.6938,0.7703,0.7241,0.8031,0.8907,0.004458,0.007315,0.00989,NA,TRUE,TRUE,0.01432,0.009689,56.5498,-0.155647,0.106745,0.3821,0.14848,0.296951,0.439131,-18.4339,10.6745,38.2099,16.5234,30.4334,57.6798
MAFR,HYPERNETS,S3B,779,RHOW,169,96,96,96,1.0782,1.0467,1.1306,1.2554,1.394,-0.01425,-0.00947,-0.005166,NA,TRUE,TRUE,0.015308,0.010123,32.3881,-0.282183,-0.072169,0.198707,0.140657,0.242491,0.458865,-39.321,-7.7783,19.8705,14.432,29.6835,61.7427
MAFR,S3B,HYPERNETS,779,RHOW,169,96,96,96,0.6841,0.7932,0.7174,0.7965,0.8845,0.004569,0.007543,0.010222,NA,TRUE,TRUE,0.015308,0.010123,53.2176,-0.165765,0.077783,0.393309,0.142585,0.254965,0.465516,-19.8705,7.7783,39.321,14.432,29.6835,61.7427
MAFR,HYPERNETS,S3B,865,RHOW,169,96,96,96,1.3971,1.0793,1.5281,1.7219,1.9403,-0.015243,-0.011094,-0.007412,NA,TRUE,TRUE,0.014436,0.008352,38.8292,-0.313515,-0.055283,0.286803,0.162744,0.314595,0.517574,-45.6701,-5.8525,28.6656,17.9253,40.7231,72.1584
MAFR,S3B,HYPERNETS,865,RHOW,169,96,96,96,0.4712,0.7891,0.5154,0.5808,0.6544,0.004851,0.006443,0.007856,NA,TRUE,TRUE,0.014436,0.008352,44.5956,-0.222703,0.058532,0.456707,0.167865,0.330319,0.515463,-28.6656,5.8525,45.6701,17.9253,40.7231,72.1584
MAFR,HYPERNETS,S3B,885,RHOW,169,96,96,96,1.5946,1.1796,1.8132,2.0643,2.3501,-0.016767,-0.012445,-0.008648,NA,TRUE,TRUE,0.014716,0.008205,45.8976,-0.321426,-0.078796,0.326231,0.16883,0.323672,0.61376,-47.3703,-8.5551,32.6125,17.8956,43.3319,80.0962
MAFR,S3B,HYPERNETS,885,RHOW,169,96,96,96,0.3742,0.7012,0.4255,0.4844,0.5515,0.004769,0.006029,0.007135,NA,TRUE,TRUE,0.014716,0.008205,55.4783,-0.245863,0.085567,0.473727,0.177261,0.393957,0.561843,-32.6125,8.5551,47.3703,17.8956,43.3319,80.0962
MAFR,HYPERNETS,S3B,1020,RHOW,169,96,96,65,0.0541,0.345,6.4523,8.278,10.6205,-0.017005,-0.011546,-0.007291,NA,TRUE,TRUE,0.011594,0.005433,382.7541,0.678772,1.974522,3.915243,0.678772,1.974522,3.915243,67.8772,197.4522,391.5243,67.8772,197.4522,391.5243
MAFR,S3B,HYPERNETS,1020,RHOW,169,96,96,65,8e-4,0.3863,0.0942,0.1208,0.155,0.00113,0.001395,0.001601,NA,TRUE,TRUE,0.011594,0.005433,60.278,-0.796551,-0.663811,-0.404326,0.404326,0.663811,0.796551,-391.5243,-197.4522,-67.8772,67.8772,197.4522,391.5243
MAFR,HYPERNETS,S3_all,400,RHOW,378,218,218,144,-0.2483,-0.1815,-3.3579,-2.8486,-2.4164,0.078469,0.088833,0.101051,NA,TRUE,TRUE,0.021802,0.015495,171.8586,-0.625148,-0.381075,0.110546,0.298758,0.556697,0.766075,-166.8946,-61.5935,11.0545,42.4711,101.7143,239.5867
MAFR,S3_all,HYPERNETS,400,RHOW,378,218,218,144,-0.0306,-0.0967,-0.4138,-0.3511,-0.2978,0.030093,0.031185,0.032473,NA,TRUE,TRUE,0.021802,0.015495,129.7568,-0.09954,0.616167,1.670203,0.360484,0.735316,1.670203,-11.0545,61.5935,166.8946,42.4711,101.7143,239.5867
MAFR,HYPERNETS,S3_all,412,RHOW,378,218,218,168,-0.1823,-0.1236,-2.7378,-2.3513,-2.0194,0.07748,0.086593,0.097204,NA,TRUE,TRUE,0.02206,0.016519,94.4541,-0.647194,-0.372976,0.063204,0.296424,0.508472,0.744822,-183.4437,-59.4837,6.3191,38.3044,88.7918,207.6607
MAFR,S3_all,HYPERNETS,412,RHOW,378,218,218,168,-0.033,-0.045,-0.4952,-0.4253,-0.3653,0.035504,0.036827,0.038368,NA,TRUE,TRUE,0.02206,0.016519,163.7268,-0.059424,0.594839,1.834452,0.35858,0.747624,1.834452,-6.3191,59.4837,183.4437,38.3044,88.7918,207.6607
MAFR,HYPERNETS,S3_all,442,RHOW,378,218,218,200,0.0271,0.1326,1.4683,1.6884,1.9414,-0.05015,-0.039379,-0.030012,NA,TRUE,TRUE,0.023773,0.019022,53.3749,-0.522248,-0.308439,-0.043247,0.225261,0.401942,0.601918,-109.3135,-44.6017,-4.5202,28.5113,64.6497,127.9655
MAFR,S3_all,HYPERNETS,442,RHOW,378,218,218,200,0.0095,0.053900000000000003,0.5151,0.5923,0.6811,0.02044,0.023324,0.025831,NA,TRUE,TRUE,0.023773,0.019022,92.6632,0.045203,0.446031,1.093136,0.277363,0.552843,1.093136,4.5202,44.6017,109.3135,28.5113,64.6497,127.9655
MAFR,HYPERNETS,S3_all,490,RHOW,378,218,218,215,0.072,0.1786,1.2839,1.4687,1.6802,-0.057313,-0.043958,-0.032284,NA,TRUE,TRUE,0.02651,0.021384,34.0378,-0.395465,-0.257336,-0.076663,0.181002,0.30432,0.4396,-65.4169,-34.6505,-8.3065,21.5131,42.0678,73.3102
MAFR,S3_all,HYPERNETS,490,RHOW,378,218,218,215,0.0334,0.0511,0.5952,0.6809,0.7789,0.025145,0.029929,0.034111,NA,TRUE,TRUE,0.02651,0.021384,62.155,0.083102,0.346505,0.654175,0.210155,0.387251,0.654175,8.3065,34.6505,65.4169,21.5131,42.0678,73.3102
MAFR,HYPERNETS,S3_all,510,RHOW,378,218,218,217,0.2323,0.4933,1.1842,1.3513,1.5421,-0.054194,-0.04016,-0.027861,NA,TRUE,TRUE,0.026262,0.021134,28.7232,-0.343767,-0.224407,-0.067654,0.156495,0.253835,0.367722,-52.385,-28.9337,-7.2563,18.5019,32.8495,55.0732
MAFR,S3_all,HYPERNETS,510,RHOW,378,218,218,217,0.1272,0.1409,0.6485,0.74,0.8445,0.023528,0.029718,0.035143,NA,TRUE,TRUE,0.026262,0.021134,49.3018,0.072563,0.289337,0.52385,0.1684,0.312267,0.52524,7.2563,28.9337,52.385,18.5019,32.8495,55.0732
MAFR,HYPERNETS,S3_all,560,RHOW,378,218,218,218,0.5115,0.8845,0.9973,1.1234,1.2655,-0.042473,-0.027916,-0.014994,NA,FALSE,TRUE,0.026759,0.021354,20.7489,-0.245997,-0.1631,-0.05637,0.103383,0.184756,0.263615,-32.6254,-19.4886,-5.9738,10.7384,21.6535,34.7
MAFR,S3_all,HYPERNETS,560,RHOW,378,218,218,218,0.4053,0.3588,0.7902,0.8901,1.0028,0.015035,0.024849,0.033562,NA,FALSE,TRUE,0.026759,0.021354,30.6247,0.059739,0.194886,0.326254,0.100871,0.213083,0.338343,5.9738,19.4886,32.6254,10.7384,21.6535,34.7
MAFR,HYPERNETS,S3_all,620,RHOW,378,218,218,215,0.7492,1.0384,0.9295,1.0184,1.1158,-0.025254,-0.01588,-0.007324,NA,FALSE,TRUE,0.026241,0.020216,22.2938,-0.265353,-0.157046,-0.057896,0.10449,0.18473,0.28962,-36.1199,-18.6304,-6.1454,10.9453,22.258,37.9892
MAFR,S3_all,HYPERNETS,620,RHOW,378,218,218,215,0.7224,0.6724,0.8962,0.982,1.0759,0.00788,0.015593,0.022633,NA,FALSE,TRUE,0.026241,0.020216,30.7303,0.061454,0.186304,0.361199,0.108834,0.218718,0.373451,6.1454,18.6304,36.1199,10.9453,22.258,37.9892
MAFR,HYPERNETS,S3_all,665,RHOW,378,218,218,215,0.8113,1.1234,0.9474,1.0294,1.1185,-0.02282,-0.014986,-0.007775,NA,FALSE,TRUE,0.025113,0.018816,24.5276,-0.296974,-0.152813,-0.050762,0.102232,0.181581,0.322649,-42.2433,-18.0377,-5.3477,11.0689,20.7128,45.5881
MAFR,S3_all,HYPERNETS,665,RHOW,378,218,218,215,0.7656,0.6639,0.894,0.9714,1.0556,0.008207,0.014558,0.020402,NA,FALSE,TRUE,0.025113,0.018816,36.6747,0.053478,0.180377,0.422442,0.1071,0.202534,0.452439,5.3477,18.0377,42.2433,11.0689,20.7128,45.5881
MAFR,HYPERNETS,S3_all,673,RHOW,378,218,218,215,0.8188,1.1414,0.9505,1.0319,1.1202,-0.022807,-0.015141,-0.008079,NA,FALSE,TRUE,0.025052,0.018784,25.1295,-0.30447,-0.160508,-0.051091,0.106287,0.185303,0.328981,-43.7788,-19.1197,-5.3842,11.6143,21.1263,47.1835
MAFR,S3_all,HYPERNETS,673,RHOW,378,218,218,215,0.769,0.657,0.8927,0.9691,1.052,0.0085,0.014674,0.020361,NA,FALSE,TRUE,0.025052,0.018784,38.4058,0.053842,0.191197,0.437824,0.109724,0.203375,0.463242,5.3842,19.1197,43.7788,11.6143,21.1263,47.1835
MAFR,HYPERNETS,S3_all,681,RHOW,378,218,218,215,0.8218,1.1368,0.95,1.0306,1.118,-0.022409,-0.014876,-0.007932,NA,FALSE,TRUE,0.024963,0.018662,25.1901,-0.307975,-0.158977,-0.052294,0.106423,0.181289,0.330405,-44.5035,-18.9028,-5.5181,11.6069,20.9041,45.904
MAFR,S3_all,HYPERNETS,681,RHOW,378,218,218,215,0.7738,0.6644,0.8945,0.9703,1.0526,0.008349,0.014435,0.020045,NA,FALSE,TRUE,0.024963,0.018662,38.2191,0.055182,0.189028,0.445035,0.107157,0.207718,0.455344,5.5181,18.9028,44.5035,11.6069,20.9041,45.904
MAFR,HYPERNETS,S3_all,709,RHOW,378,218,218,215,0.8836,1.2069,1.0008,1.0818,1.1694,-0.018876,-0.012771,-0.007124,NA,TRUE,TRUE,0.022309,0.015326,28.2398,-0.293599,-0.138583,-0.00505,0.095117,0.184598,0.327127,-41.5634,-16.0878,-0.5082,9.9789,20.6891,46.6635
MAFR,S3_all,HYPERNETS,709,RHOW,378,218,218,215,0.755,0.5935,0.8552,0.9244,0.9992,0.007118,0.011806,0.016142,NA,TRUE,TRUE,0.022309,0.015326,74.5466,0.005088,0.160878,0.415642,0.09878,0.194797,0.451707,0.5082,16.0878,41.5634,9.9789,20.6891,46.6635
MAFR,HYPERNETS,S3_all,754,RHOW,378,218,218,215,0.9491,0.9607,1.2266,1.35,1.4859,-0.014337,-0.010232,-0.006503,NA,TRUE,TRUE,0.019711,0.01016,54.4777,-0.275724,-0.129662,0.113355,0.119318,0.23165,0.405526,-38.0688,-14.898,11.3355,12.3217,28.0677,54.836
MAFR,S3_all,HYPERNETS,754,RHOW,378,218,218,215,0.5208,0.7414,0.673,0.7407,0.8153,0.005302,0.007579,0.009649,NA,TRUE,TRUE,0.019711,0.01016,45.0941,-0.101814,0.14898,0.380688,0.119275,0.269736,0.451827,-11.3355,14.898,38.0688,12.3217,28.0677,54.836
MAFR,HYPERNETS,S3_all,779,RHOW,378,218,218,218,0.9496,0.9771,1.2574,1.3863,1.5283,-0.015397,-0.010999,-0.00701,NA,TRUE,TRUE,0.021697,0.010841,58.2218,-0.264483,-0.102122,0.143982,0.130437,0.22371,0.422194,-35.9599,-11.3853,14.3981,14.1288,27.2449,54.9743
MAFR,S3_all,HYPERNETS,779,RHOW,378,218,218,218,0.4941,0.733,0.6543,0.7214,0.7953,0.005575,0.007934,0.010075,NA,TRUE,TRUE,0.021697,0.010841,46.5974,-0.12586,0.113969,0.35961,0.127173,0.250204,0.459509,-14.3981,11.3853,35.9599,14.1288,27.2449,54.9743
MAFR,HYPERNETS,S3_all,865,RHOW,378,218,218,218,1.1752,0.9968,1.8345,2.047,2.2841,-0.018352,-0.014322,-0.010711,NA,TRUE,TRUE,0.02029,0.00869,81.1695,-0.286196,-0.106792,0.193261,0.149658,0.252581,0.483906,-40.0966,-11.9565,19.3261,16.3974,31.2377,61.9095
MAFR,S3_all,HYPERNETS,865,RHOW,378,218,218,218,0.2805,0.7052,0.4378,0.4885,0.5451,0.005838,0.006997,0.008035,NA,TRUE,TRUE,0.02029,0.00869,41.596,-0.16196,0.119569,0.400988,0.14829,0.291724,0.512476,-19.3261,11.9565,40.0966,16.3974,31.2377,61.9095
MAFR,HYPERNETS,S3_all,885,RHOW,378,218,218,218,1.3099,1.0721,2.2491,2.5216,2.827,-0.020837,-0.01665,-0.012916,NA,TRUE,TRUE,0.020161,0.008328,89.9281,-0.309625,-0.094078,0.213581,0.142777,0.290784,0.494703,-44.8493,-10.3848,21.358,15.8149,37.5679,74.9821
MAFR,S3_all,HYPERNETS,885,RHOW,378,218,218,218,0.206,0.6434,0.3537,0.3966,0.4446,0.005743,0.006603,0.007371,NA,TRUE,TRUE,0.020161,0.008328,46.7834,-0.175991,0.103848,0.448498,0.144834,0.302802,0.565045,-21.358,10.3848,44.8493,15.8149,37.5679,74.9821
MAFR,HYPERNETS,S3_all,1020,RHOW,378,218,218,167,0.7044,0.2868,13.0035,15.1525,17.6566,-0.034223,-0.027961,-0.022588,NA,TRUE,TRUE,0.020818,0.007515,562.2149,0.643058,1.535175,3.376024,0.643058,1.535175,3.376024,64.3043,153.5175,337.6022,65.8167,153.5175,337.6022
MAFR,S3_all,HYPERNETS,1020,RHOW,378,218,218,167,0.0031,0.2355,0.0566,0.066,0.0769,0.001737,0.001845,0.001938,NA,TRUE,TRUE,0.020818,0.007515,57.2756,-0.771482,-0.60555,-0.391367,0.400056,0.614632,0.776998,-337.6022,-153.5175,-64.3043,65.8167,153.5175,337.6022
MAFR,HYPERNETS,SNPP,410,RHOW,18,18,18,18,0.1055,-0.0203,1.0609,1.7614,2.9245,-0.060932,-0.02652,-0.005794,NA,TRUE,TRUE,0.007951,0.005498,18.0146,-0.16947,-0.085942,0.02328,0.052145,0.135817,0.182116,-20.407,-9.4264,2.328,5.5056,14.3502,20.407
MAFR,SNPP,HYPERNETS,410,RHOW,18,18,18,18,0.034,-0.0037,0.3419,0.5677,0.9426,0.005461,0.015056,0.020835,NA,TRUE,TRUE,0.007951,0.005498,30.9617,-0.02275,0.094504,0.20409,0.055098,0.133192,0.20409,-2.328,9.4264,20.407,5.5056,14.3502,20.407
MAFR,HYPERNETS,SNPP,443,RHOW,18,18,18,18,0.4604,0.4944,0.732,1.1711,1.8734,-0.045738,-0.013941,0.005936,NA,FALSE,FALSE,0.008503,0.006756,14.53,-0.161671,-0.11487,-0.061183,0.076623,0.11487,0.161671,-19.285,-12.9821,-6.5267,7.8477,12.9821,19.285
MAFR,SNPP,HYPERNETS,443,RHOW,18,18,18,18,0.3357,0.2583,0.5338,0.8539,1.366,-0.008108,0.011905,0.024415,NA,FALSE,FALSE,0.008503,0.006756,19.1632,0.065364,0.129866,0.192851,0.074624,0.129866,0.192851,6.5267,12.9821,19.285,7.8477,12.9821,19.285
MAFR,HYPERNETS,SNPP,486,RHOW,18,18,18,18,0.6381,0.7697,0.6893,1.0344,1.5522,-0.044557,-0.01194,0.009795,NA,FALSE,FALSE,0.011072,0.009819,15.4146,-0.202149,-0.165286,-0.094366,0.094366,0.165286,0.202149,-25.3383,-19.8062,-10.4202,10.4202,19.8062,25.3383
MAFR,SNPP,HYPERNETS,486,RHOW,18,18,18,18,0.5964,0.5104,0.6442,0.9668,1.4507,-0.01421,0.011543,0.028705,NA,FALSE,FALSE,0.011072,0.009819,19.2189,0.104205,0.198108,0.253399,0.104205,0.198108,0.253399,10.4202,19.8062,25.3383,10.4202,19.8062,25.3383
MAFR,HYPERNETS,SNPP,551,RHOW,18,18,18,18,0.8324,1.0278,0.7419,0.9726,1.275,-0.041228,-0.01232,0.009732,NA,FALSE,FALSE,0.01617,0.014943,15.6443,-0.195755,-0.167532,-0.104015,0.104015,0.167532,0.195755,-24.3414,-20.1253,-11.6107,11.6107,20.1253,24.3414
MAFR,SNPP,HYPERNETS,551,RHOW,18,18,18,18,0.8801,0.7375,0.7843,1.0282,1.3479,-0.013117,0.012668,0.032337,NA,FALSE,FALSE,0.01617,0.014943,19.2053,0.116124,0.201258,0.243426,0.116124,0.201258,0.243426,11.6107,20.1253,24.3414,11.6107,20.1253,24.3414
MAFR,HYPERNETS,SNPP,671,RHOW,18,18,18,18,0.8104,0.9945,0.727,0.8459,0.9842,-0.008498,0.001059,0.009274,NA,TRUE,FALSE,0.011597,0.01008,14.7754,-0.212411,-0.132804,-0.090817,0.090817,0.132804,0.212411,-26.9734,-15.3164,-9.9891,9.9891,15.3164,26.9734
MAFR,SNPP,HYPERNETS,671,RHOW,18,18,18,18,1.1325,0.927,1.016,1.1822,1.3755,-0.012756,-0.001252,0.008635,NA,TRUE,FALSE,0.011597,0.01008,18.1847,0.099893,0.153186,0.26977,0.099893,0.153186,0.26977,9.9891,15.3164,26.9734,9.9891,15.3164,26.9734
MAFR,HYPERNETS,JPSS1,411,RHOW,65,58,58,57,0.3097,0.3691,0.9481,1.2279,1.5903,-0.02575,-0.015471,-0.007534,NA,FALSE,TRUE,0.012959,0.010256,34.9403,-0.533533,-0.315789,-0.098156,0.122036,0.346602,0.555116,-114.3775,-46.1537,-10.884,13.0477,51.2257,114.3775
MAFR,JPSS1,HYPERNETS,411,RHOW,65,58,58,57,0.2054,0.1338,0.6288,0.8144,1.0547,0.007947,0.0126,0.016193,NA,FALSE,TRUE,0.012959,0.010256,79.7203,0.10884,0.461537,1.143775,0.130477,0.461537,1.143775,10.884,46.1537,114.3775,13.0477,51.2257,114.3775
MAFR,HYPERNETS,JPSS1,445,RHOW,65,58,58,58,0.3678,0.4706,0.6573,0.834,1.0581,-0.013465,-0.003478,0.004393,NA,FALSE,FALSE,0.014966,0.011603,24.0021,-0.34089,-0.211117,-0.078861,0.110501,0.211117,0.34089,-51.7211,-26.7822,-8.5612,11.455,26.7822,51.7211
MAFR,JPSS1,HYPERNETS,445,RHOW,65,58,58,58,0.5287,0.4095,0.9451,1.1991,1.5213,-0.006683,0.004171,0.012725,NA,FALSE,FALSE,0.014966,0.011603,41.5491,0.085612,0.26803,0.517224,0.109008,0.26803,0.517224,8.5612,26.7822,51.7211,11.455,26.7822,51.7211
MAFR,HYPERNETS,JPSS1,489,RHOW,65,58,58,58,0.3383,0.4706,0.5451,0.6867,0.865,-0.006424,0.004841,0.013783,NA,TRUE,FALSE,0.019423,0.015557,22.88,-0.281408,-0.214037,-0.12725,0.132132,0.220191,0.281408,-39.1637,-27.2328,-14.5806,15.2254,27.2328,39.1637
MAFR,JPSS1,HYPERNETS,489,RHOW,65,58,58,58,0.7174,0.5898,1.156,1.4563,1.8345,-0.025285,-0.00705,0.007426,NA,TRUE,FALSE,0.019423,0.015557,35.0458,0.145809,0.272332,0.391662,0.152259,0.272332,0.391662,14.5806,27.2328,39.1637,15.2254,27.2328,39.1637
MAFR,HYPERNETS,JPSS1,556,RHOW,65,58,58,58,0.3415,0.4971,0.49370000000000003,0.6157,0.768,-2e-6,0.014629,0.026359,NA,TRUE,FALSE,0.029131,0.023301,22.3892,-0.289882,-0.223866,-0.11472,0.117202,0.225555,0.289882,-40.8217,-28.8438,-12.9586,13.2765,28.8438,40.8217
MAFR,JPSS1,HYPERNETS,556,RHOW,65,58,58,58,0.9008,0.735,1.3021,1.6241,2.0257,-0.053395,-0.023759,2e-6,NA,TRUE,FALSE,0.029131,0.023301,33.0848,0.129587,0.288439,0.408217,0.132767,0.288439,0.408217,12.9586,28.8438,40.8217,13.2765,28.8438,40.8217
MAFR,HYPERNETS,JPSS1,667,RHOW,65,58,58,58,0.5018,0.8097,0.5249,0.6113,0.7119,-2.7e-5,0.006686,0.01245,NA,TRUE,FALSE,0.026559,0.019528,26.1523,-0.341896,-0.24544,-0.162994,0.165596,0.24544,0.341896,-51.9519,-32.5361,-19.4735,19.4735,32.5361,51.9519
MAFR,JPSS1,HYPERNETS,667,RHOW,65,58,58,58,1.3427,0.9295,1.4047,1.6359,1.905,-0.023718,-0.010937,3.8e-5,NA,TRUE,FALSE,0.026559,0.019528,43.6854,0.194735,0.325446,0.519521,0.194735,0.325446,0.519521,19.4735,32.5361,51.9519,19.4735,32.5361,51.9519
MAFR,HYPERNETS,JPSS2,411,RHOW,76,70,70,70,0.6718,1.1324,1.4048,1.7535,2.1887,-0.039682,-0.027626,-0.017968,NA,TRUE,TRUE,0.012621,0.01091,40.0775,-0.528658,-0.347495,-0.013135,0.187302,0.437404,0.540558,-112.1932,-53.262,-1.3465,23.023,60.0846,112.1932
MAFR,JPSS2,HYPERNETS,411,RHOW,76,70,70,70,0.2185,0.2219,0.4569,0.5703,0.7118,0.01279,0.015755,0.01813,NA,TRUE,TRUE,0.012621,0.01091,79.5828,0.013623,0.532685,1.122256,0.224873,0.532685,1.122256,1.3465,53.262,112.1932,23.023,60.0846,112.1932
MAFR,HYPERNETS,JPSS2,445,RHOW,76,70,70,70,0.6112,0.7517,0.902,1.1017,1.3456,-0.020915,-0.010463,-0.001905,NA,FALSE,TRUE,0.011717,0.010004,23.4005,-0.305157,-0.199359,0.015661,0.104874,0.220108,0.327255,-43.9177,-24.9007,1.5659,11.7172,27.8943,46.0857
MAFR,JPSS2,HYPERNETS,445,RHOW,76,70,70,70,0.5035,0.4935,0.7431,0.9077,1.1086,0.002112,0.009497,0.015543,NA,FALSE,TRUE,0.011717,0.010004,30.1782,-0.015415,0.249016,0.439181,0.11611,0.278946,0.444334,-1.5659,24.9007,43.9177,11.7172,27.8943,46.0857
MAFR,HYPERNETS,JPSS2,489,RHOW,76,70,70,70,0.5351,0.62,0.7347,0.8905,1.0792,-0.013284,-0.002049,0.007221,NA,FALSE,FALSE,0.014111,0.012231,21.1292,-0.252362,-0.185522,-0.049499,0.117804,0.20244500000000001,0.28395,-33.7549,-22.7787,-5.2093,12.6137,25.0851,39.6558
MAFR,JPSS2,HYPERNETS,489,RHOW,76,70,70,70,0.67490000000000006,0.5993,0.9266,1.123,1.361,-0.009828,0.002301,0.012309,NA,FALSE,FALSE,0.014111,0.012231,25.792,0.05211,0.227794,0.337552,0.11877,0.244524,0.374303,5.2093,22.7787,33.7549,12.6137,25.0851,39.6558
MAFR,HYPERNETS,JPSS2,556,RHOW,76,70,70,70,0.5486,0.6542,0.6413,0.7571,0.8939,-0.005825,0.006505,0.016949,NA,TRUE,FALSE,0.021955,0.019307,21.8917,-0.258913,-0.185022,-0.105887,0.142565,0.223768,0.273692,-34.937,-22.7047,-11.8441,16.6271,28.831,36.6446
MAFR,JPSS2,HYPERNETS,556,RHOW,76,70,70,70,0.957,0.7772,1.1187,1.3208,1.5593,-0.026429,-0.008592,0.006516,NA,TRUE,FALSE,0.021955,0.019307,27.0256,0.118455,0.227066,0.34937,0.150383,0.264971,0.352755,11.8441,22.7047,34.937,16.6271,28.831,36.6446
MAFR,HYPERNETS,JPSS2,667,RHOW,76,70,70,70,0.629,0.8609,0.6314,0.7036,0.784,-3.76e-4,0.004903,0.009641,NA,TRUE,FALSE,0.022798,0.017926,27.1803,-0.349526,-0.23331,-0.08994,0.153187,0.26578,0.364656,-53.7349,-30.4317,-9.9007,18.0898,34.9001,55.9243
MAFR,JPSS2,HYPERNETS,667,RHOW,76,70,70,70,1.2706,0.9474,1.2755,1.4213,1.5837,-0.015268,-0.006969,4.79e-4,NA,TRUE,FALSE,0.022798,0.017926,36.7789,0.099187,0.304325,0.537358,0.180899,0.329989,0.537358,9.9007,30.4317,53.7349,18.0898,34.9001,55.9243
MAFR,HYPERNETS,PACE,380,RHOW,32,23,23,20,2.0767,4.4597,2.2162,3.2042,4.6328,-0.067938,-0.041347,-0.022956,NA,TRUE,TRUE,0.0123,0.011016,62.4147,-0.655587,-0.314217,0.761271,0.468643,0.680051,0.831419,-190.3824,-48.2581,76.126,76.8592,92.0205,190.3824
MAFR,PACE,HYPERNETS,380,RHOW,32,23,23,20,0.2023,0.1669,0.2159,0.3121,0.4512,0.010358,0.012904,0.014665,NA,TRUE,TRUE,0.0123,0.011016,497.4247,-0.432221,0.507384,1.904162,0.434575,0.630744,1.904162,-76.126,48.2581,190.3824,76.8592,92.0205,190.3824
MAFR,HYPERNETS,PACE,400,RHOW,32,23,23,22,1.0395,1.2096,1.612,2.429,3.6599,-0.071622,-0.040071,-0.019132,NA,TRUE,TRUE,0.013777,0.011701,46.0064,-0.46325,-0.326458,0.359717,0.360947,0.479961,0.553528,-86.3093,-48.6291,33.614,50.432,57.3315,86.3093
MAFR,PACE,HYPERNETS,400,RHOW,32,23,23,22,0.1762,0.1146,0.2732,0.4117,0.6203,0.011868,0.016497,0.019569,NA,TRUE,TRUE,0.013777,0.011701,165.7828,-0.236233,0.487895,0.863119,0.34811,0.487895,0.863119,-33.614,48.6291,86.3093,50.432,57.3315,86.3093
MAFR,HYPERNETS,PACE,412,RHOW,32,23,23,23,1.0902,1.9151,1.4778,2.167,3.1777,-0.069273,-0.039748,-0.019614,NA,TRUE,TRUE,0.013986,0.01242,43.5873,-0.469996,-0.357899,0.130079,0.35329,0.409412,0.469996,-88.7521,-55.7387,10.8734,40.3329,55.7387,88.7521
MAFR,PACE,HYPERNETS,412,RHOW,32,23,23,23,0.2321,0.1428,0.3147,0.4615,0.6767,0.013272,0.018342,0.0218,NA,TRUE,TRUE,0.013986,0.01242,232.6424,-0.080707,0.557387,0.888265,0.28932,0.557387,0.888265,-10.8734,55.7387,88.7521,40.3329,55.7387,88.7521
MAFR,HYPERNETS,PACE,443,RHOW,32,23,23,23,0.8397,1.1648,0.9603,1.363,1.9347,-0.050452,-0.025096,-0.007232,NA,FALSE,TRUE,0.013769,0.011939,27.1136,-0.353021,-0.269677,-0.023839,0.140437,0.269677,0.353021,-54.5693,-36.9256,-3.0883,15.697,36.9256,54.5693
MAFR,PACE,HYPERNETS,443,RHOW,32,23,23,23,0.452,0.427,0.5169,0.7337,1.0414,0.007532,0.018412,0.026078,NA,FALSE,TRUE,0.013769,0.011939,42.7619,0.037386,0.369256,0.54574,0.149346,0.369256,0.54574,3.0883,36.9256,54.5693,15.697,36.9256,54.5693
MAFR,HYPERNETS,PACE,490,RHOW,32,23,23,23,0.6639,0.8765,0.678,0.9254,1.263,-0.030819,-0.008986,0.00701,NA,FALSE,FALSE,0.016414,0.013859,21.0263,-0.301197,-0.24342,-0.108956,0.108956,0.24342,0.301197,-43.1542,-32.1737,-12.2288,12.2288,32.1737,43.1542
MAFR,PACE,HYPERNETS,490,RHOW,32,23,23,23,0.7754,0.6834,0.7918,1.0807,1.475,-0.010339,0.009711,0.024401,NA,FALSE,FALSE,0.016414,0.013859,29.4832,0.122296,0.321737,0.432066,0.122296,0.321737,0.432066,12.2288,32.1737,43.1542,12.2288,32.1737,43.1542
MAFR,HYPERNETS,PACE,510,RHOW,32,23,23,23,0.6084,0.7996,0.6067,0.818,1.103,-0.023414,-0.002176,0.013574,NA,FALSE,FALSE,0.018475,0.015825,20.6303,-0.290233,-0.228401,-0.113436,0.113436,0.228401,0.290233,-40.8963,-29.6011,-12.8015,12.8015,29.6011,40.8963
MAFR,PACE,HYPERNETS,510,RHOW,32,23,23,23,0.9092,0.7917,0.9066,1.2225,1.6483,-0.022375,0.00266,0.021228,NA,FALSE,FALSE,0.018475,0.015825,28.2024,0.12808,0.296011,0.409013,0.12808,0.296011,0.409013,12.8015,29.6011,40.8963,12.8015,29.6011,40.8963
MAFR,HYPERNETS,PACE,560,RHOW,32,23,23,23,0.557,0.7127,0.5207,0.6663,0.8526,-0.007095,0.01156,0.026138,NA,TRUE,FALSE,0.024923,0.022345,21.4999,-0.277991,-0.227827,-0.154386,0.154386,0.227827,0.277991,-38.5025,-29.5046,-18.3173,18.3173,29.5046,38.5025
MAFR,PACE,HYPERNETS,560,RHOW,32,23,23,23,1.2547,1.0447,1.1729,1.5008,1.9204,-0.050196,-0.017349,0.008321,NA,TRUE,FALSE,0.024923,0.022345,28.5667,0.183773,0.295046,0.385025,0.183773,0.295046,0.385025,18.3173,29.5046,38.5025,18.3173,29.5046,38.5025
MAFR,HYPERNETS,PACE,620,RHOW,32,23,23,23,0.5561,0.7668,0.5191,0.663,0.8467,-0.00879,0.006253,0.01803,NA,TRUE,FALSE,0.027111,0.022011,24.7588,-0.328838,-0.257496,-0.131394,0.156976,0.257496,0.328838,-48.9964,-34.6795,-15.137,18.3623,34.6795,48.9964
MAFR,PACE,HYPERNETS,620,RHOW,32,23,23,23,1.2651,1.0518,1.181,1.5083,1.9265,-0.034735,-0.009431,0.010381,NA,TRUE,FALSE,0.027111,0.022011,36.3927,0.151471,0.346795,0.489974,0.166952,0.346795,0.489974,15.137,34.6795,48.9964,18.3623,34.6795,48.9964
MAFR,HYPERNETS,PACE,673,RHOW,32,23,23,23,0.5197,0.7535,0.4925,0.6399,0.8313,-0.008251,0.004806,0.014856,NA,TRUE,FALSE,0.02647,0.020481,26.9004,-0.357695,-0.245126,-0.127792,0.162568,0.261849,0.357695,-55.6915,-32.4725,-14.6521,19.4997,32.4725,55.6915
MAFR,PACE,HYPERNETS,673,RHOW,32,23,23,23,1.2693,1.0553,1.2029,1.5628,2.0304,-0.030164,-0.007511,0.009925,NA,TRUE,FALSE,0.02647,0.020481,42.6126,0.146527,0.324725,0.556938,0.178865,0.324725,0.556938,14.6521,32.4725,55.6915,19.4997,32.4725,55.6915
MAFR,HYPERNETS,PACE,700,RHOW,32,23,23,23,0.4595,0.7153,0.4447,0.5881,0.7778,-0.006481,0.004358,0.012554,NA,TRUE,FALSE,0.026126,0.019779,29.9445,-0.430439,-0.238112,-0.145237,0.165122,0.273678,0.430439,-75.5739,-31.2528,-17.0044,19.7824,31.2528,75.5739
MAFR,PACE,HYPERNETS,700,RHOW,32,23,23,23,1.3285,1.0849,1.2856,1.7003,2.2488,-0.028231,-0.007411,0.008331,NA,TRUE,FALSE,0.026126,0.019779,52.0942,0.170173,0.312528,0.75574,0.197868,0.312528,0.75574,17.0044,31.2528,75.5739,19.7824,31.2528,75.5739
