site_name,sensor_X,sensor_Y,wavelength,var_name,n_clean,n_no_out,n_w_nm,n_w_nm_clean,Slope,Slope_log,Slope_II_low,Slope_II,Slope_II_high,Slope_II_int_low,Slope_II_int,Slope_II_int_high,Slope_II_p,Slope_II_slope_bias_sig,Slope_II_int_bias_sig,RMSE,MSA,MAPE,MRD_25,MRD_50,MRD_75,MARD_25,MARD_50,MARD_75,Bias_25,Bias_50,Bias_75,Error_25,Error_50,Error_75
MAFR,HYPERNETS,S3A,400,RHOW,230,119,67,45,0.1018,-0.0486,3.2786,4.4381,6.0077,-0.123601,-0.08478,-0.056101,NA,TRUE,TRUE,0.028232,0.017597,104.6135,-0.567889,-0.365926,0.247549,0.325808,0.506035,0.743104,-131.4222,-57.7102,24.7549,35.6168,90.8855,226.7983
MAFR,HYPERNETS,S3A,412,RHOW,230,119,67,54,0.2503,0.3861,2.9422,3.8706,5.0919,-0.11945,-0.084835,-0.058522,NA,TRUE,TRUE,0.026984,0.017963,68.2907,-0.651992,-0.352551,-0.032788,0.303152,0.466936,0.778968,-187.3572,-54.474,-3.3902,37.4619,82.8616,200.5085
MAFR,HYPERNETS,S3A,442,RHOW,230,119,67,61,0.2008,0.5026,2.1935,2.8363,3.6675,-0.127398,-0.090546,-0.062046,NA,TRUE,TRUE,0.027128,0.019678,44.6246,-0.489161,-0.283316,-0.065714,0.216032,0.366434,0.564272,-95.7565,-39.5315,-7.0337,27.5562,57.8368,110.1478
MAFR,HYPERNETS,S3A,490,RHOW,230,119,67,66,0.186,0.45,1.6699,2.1362,2.7327,-0.126803,-0.087969,-0.057611,NA,TRUE,TRUE,0.028881,0.022084,33.5717,-0.384593,-0.245413,-0.151909,0.179944,0.284006,0.410479,-62.4981,-32.5393,-17.9126,21.5661,38.7774,67.9436
MAFR,HYPERNETS,S3A,510,RHOW,230,119,67,67,0.3923,0.8784,1.4574,1.8523,2.3542,-0.116207,-0.078367,-0.048595,NA,TRUE,TRUE,0.028495,0.021759,28.8425,-0.329421,-0.213023,-0.12265,0.149232,0.252002,0.346732,-49.1591,-27.0685,-13.98,17.1407,31.9869,52.8487
MAFR,HYPERNETS,S3A,560,RHOW,230,119,67,67,0.5879,0.9301,1.0847,1.3534,1.6887,-0.086646,-0.051659,-0.023618,NA,TRUE,TRUE,0.028109,0.021583,20.7259,-0.229121,-0.160017,-0.08529,0.105647,0.168437,0.238863,-29.7232,-19.05,-9.3252,11.4521,20.2554,31.3111
MAFR,HYPERNETS,S3A,620,RHOW,230,119,67,66,0.7677,1.0161,0.9381,1.1249,1.3488,-0.047061,-0.025525,-0.007563,NA,FALSE,TRUE,0.027884,0.020904,23.6745,-0.237704,-0.163321,-0.102543,0.112402,0.185799,0.25627,-31.1831,-19.5201,-11.4269,12.6638,20.8014,32.1046
MAFR,HYPERNETS,S3A,665,RHOW,230,119,67,66,0.8145,1.0678,0.9418,1.1163,1.3231,-0.039531,-0.021608,-0.006486,NA,FALSE,TRUE,0.027065,0.019431,26.5084,-0.25227,-0.160257,-0.088641,0.125995,0.182094,0.301215,-33.7398,-19.0844,-9.7262,14.4159,20.964,40.8664
MAFR,HYPERNETS,S3A,673,RHOW,230,119,67,66,0.8214,1.0828,0.9448,1.1184,1.3239,-0.039189,-0.021632,-0.0068,NA,FALSE,TRUE,0.027079,0.019401,27.2507,-0.260802,-0.164088,-0.090751,0.126624,0.185159,0.306818,-35.2826,-19.6308,-9.9812,14.4992,21.1634,41.7622
MAFR,HYPERNETS,S3A,681,RHOW,230,119,67,66,0.821,1.075,0.9426,1.1152,1.3195,-0.038419,-0.021134,-0.006525,NA,FALSE,TRUE,0.02706,0.019314,27.4234,-0.26385,-0.167632,-0.094759,0.126812,0.184931,0.307175,-35.8452,-20.1391,-10.4679,14.5244,21.5266,42.9749
MAFR,HYPERNETS,S3A,709,RHOW,230,119,67,66,0.8582,1.048,0.99,1.1728,1.3892,-0.031892,-0.017444,-0.005247,NA,FALSE,TRUE,0.025701,0.015788,31.7739,-0.272023,-0.157425,-0.062505,0.104583,0.16533,0.31783,-37.367,-18.6838,-6.6672,11.68,19.6424,45.0986
MAFR,HYPERNETS,S3A,754,RHOW,230,119,67,66,0.8306,0.8744,1.3444,1.6667,2.0661,-0.026959,-0.016113,-0.007364,NA,TRUE,TRUE,0.026107000000000002,0.010856,69.9509,-0.268678,-0.108762,0.045206,0.096175,0.205231,0.348021,-36.7387,-12.2072,4.5177,10.6409,25.0035,50.3513
MAFR,HYPERNETS,S3A,779,RHOW,230,119,67,67,0.8377,0.9279,1.3883,1.7208,2.133,-0.0286,-0.017161,-0.007932,NA,TRUE,TRUE,0.02846,0.011689,75.4177,-0.262485,-0.114435,0.064577,0.101636,0.196796,0.346658,-35.5955,-12.9222,6.4577,10.7107,23.4621,50.3788
MAFR,HYPERNETS,S3A,865,RHOW,230,119,67,67,0.9553,0.9393,2.2247,2.8023,3.5299,-0.033574,-0.022521,-0.013746,NA,TRUE,TRUE,0.027567,0.009504,111.3674,-0.262451,-0.116475,0.083889,0.107294,0.215447,0.389834,-35.6049,-13.183,8.3885,12.0219,27.1598,55.4658
MAFR,HYPERNETS,S3A,885,RHOW,230,119,67,67,1.0414,0.9901,2.7754,3.5085,4.4353,-0.037288,-0.025781,-0.016678,NA,TRUE,TRUE,0.027381,0.009082,122.9759,-0.296796,-0.113547,0.074519,0.108977,0.241966,0.428493,-42.2065,-12.8091,7.4329,12.2321,29.1145,59.7197
MAFR,HYPERNETS,S3A,1020,RHOW,230,119,67,55,2.3214,0.4233,17.356,22.7529,29.8279,-0.065742,-0.04725,-0.033144,NA,TRUE,TRUE,0.029087,0.009741,508.7905,0.55134,1.143974,2.516341,0.55134,1.143974,2.516341,55.109,114.3974,251.5437,61.1132,114.3974,251.5437
MAFR,HYPERNETS,S3B,400,RHOW,190,98,52,33,-0.5022,-0.317,-1.7807,-1.2791,-0.9188,0.037337,0.04514,0.056004,NA,TRUE,TRUE,0.016154,0.013466,162.8249,-0.639525,-0.320785,0.053695,0.299866,0.593258,0.770205,-177.4116,-47.2289,5.3695,42.8299,130.6467,247.0616
MAFR,HYPERNETS,S3B,412,RHOW,190,98,52,38,-0.4652,-0.2581,-1.5106,-1.1162,-0.8247,0.040577,0.047796,0.057567,NA,TRUE,TRUE,0.018066,0.015237,163.1865,-0.562129,-0.359789,0.085006,0.281008,0.528383,0.841774,-128.3876,-56.5692,8.491,39.1391,98.3313,211.6787
MAFR,HYPERNETS,S3B,442,RHOW,190,98,52,48,-0.1029,0.0256,-1.4127,-1.0558,-0.789,0.061317,0.071752,0.085715,NA,TRUE,TRUE,0.020795,0.018206,58.427,-0.456958,-0.29538,0.024733,0.251436,0.43479,0.675632,-84.2298,-41.9334,2.4472,33.6131,73.4436,150.0878
MAFR,HYPERNETS,S3B,490,RHOW,190,98,52,51,-0.0591,-0.0331,-1.4639,-1.1032,-0.8314,0.096536,0.112634,0.133996,NA,TRUE,TRUE,0.023422,0.020025,34.6524,-0.370746,-0.238755,-0.049713,0.200368,0.305104,0.470643,-59.0413,-31.3638,-5.2327,23.4951,40.6447,68.8867
MAFR,HYPERNETS,S3B,510,RHOW,190,98,52,51,0.0732,0.162,0.8106,1.0754,1.4267,-0.041214,-0.01673,0.001727,NA,FALSE,FALSE,0.022945,0.019582,28.3193,-0.307328,-0.216702,-0.030347,0.165055,0.246248,0.400283,-44.3686,-27.6654,-3.1324,18.759,31.3735,54.0563
MAFR,HYPERNETS,S3B,560,RHOW,190,98,52,52,0.5752,1.1345,0.9139,1.1673,1.4909,-0.060997,-0.029284,-0.004455,NA,FALSE,TRUE,0.024138,0.019978,20.6671,-0.245487,-0.151991,0.010895,0.1056,0.165911,0.26074,-32.537,-17.9232,1.0882,11.8068,19.8916,33.6266
MAFR,HYPERNETS,S3B,620,RHOW,190,98,52,51,0.8577,1.1114,0.9032,1.072,1.2724,-0.037732,-0.018726,-0.002713,NA,FALSE,TRUE,0.022729,0.018505,20.1664,-0.255662,-0.15166,0.012113,0.10019,0.170896,0.27792,-34.3627,-17.8772,1.1565,10.5807,20.6121,35.4887
MAFR,HYPERNETS,S3B,665,RHOW,190,98,52,51,0.9298,1.2006,0.9389,1.09,1.2655,-0.034161,-0.018692,-0.005367,NA,FALSE,TRUE,0.021645,0.017353,21.4382,-0.257919,-0.159677,0.011,0.113694,0.172177,0.302313,-34.8938,-19.0018,1.0768,12.3896,19.9669,39.3502
MAFR,HYPERNETS,S3B,673,RHOW,190,98,52,51,0.9377,1.2197,0.9434,1.0925,1.2653,-0.033923,-0.018842,-0.00582,NA,FALSE,TRUE,0.021572,0.017326,21.8197,-0.266767,-0.161875,0.013421,0.118254,0.17368,0.298106,-36.4308,-19.314,1.3266,12.5904,19.8185,38.5433
MAFR,HYPERNETS,S3B,681,RHOW,190,98,52,51,0.9429,1.2165,0.9455,1.0924,1.2622,-0.033417,-0.018663,-0.005894,NA,FALSE,TRUE,0.021411,0.017171,21.7594,-0.260561,-0.158719,0.008838,0.120531,0.175935,0.29828,-35.2905,-18.8663,0.8509,12.9221,19.7783,37.6898
MAFR,HYPERNETS,S3B,709,RHOW,190,98,52,51,1.019,1.3109,1.0052,1.1458,1.3061,-0.028323,-0.016709,-0.006519,NA,TRUE,TRUE,0.018852,0.014546,22.5334,-0.250464,-0.128168,0.059892,0.112511,0.161597,0.303534,-33.4233,-14.7009,5.9883,11.9505,19.2744,38.8628
MAFR,HYPERNETS,S3B,754,RHOW,190,98,52,51,1.1656,1.0527,1.1673,1.3475,1.5556,-0.018228,-0.011218,-0.005146,NA,TRUE,TRUE,0.015404,0.010099,31.4473,-0.264439,-0.107189,0.185847,0.143483,0.251968,0.431168,-35.9581,-12.0057,18.5845,16.7398,27.3461,51.6212
MAFR,HYPERNETS,S3B,779,RHOW,190,98,52,52,1.1622,1.0978,1.1708,1.3536,1.565,-0.018774,-0.011492,-0.005194,NA,TRUE,TRUE,0.016593,0.010512,33.0256,-0.270032,-0.067725,0.189808,0.137845,0.234582,0.491966,-36.9981,-7.2654,18.9807,14.2235,28.2776,59.3059
MAFR,HYPERNETS,S3B,865,RHOW,190,98,52,52,1.5219,1.1182,1.5908,1.8771,2.215,-0.019245,-0.012833,-0.007399,NA,TRUE,TRUE,0.016205,0.00908,41.1481,-0.307335,-0.069379,0.401748,0.140284,0.323909,0.524855,-44.37,-7.4558,40.1473,14.9342,44.401,63.6532
MAFR,HYPERNETS,S3B,885,RHOW,190,98,52,52,1.7576,1.197,1.8985,2.2702,2.7148,-0.021045,-0.014343,-0.008738,NA,TRUE,TRUE,0.016505,0.008984,48.8713,-0.313911,-0.078096,0.440369,0.14125,0.35419,0.608575,-45.772,-8.4712,44.0349,15.2358,44.8848,86.209
MAFR,HYPERNETS,S3B,1020,RHOW,190,98,52,36,-0.3082,0.3822,-15.1561,-10.7694,-7.6524,0.025875,0.032889,0.04276,NA,TRUE,TRUE,0.014907,0.006424,488.3183,0.67564,1.953066,4.70237,0.67564,1.953066,4.70237,67.5011,195.1803,470.1116,67.5011,195.1803,470.1116
THFR,HYPERNETS,S3A,400,RHOW,251,21,6,4,92.3525,6.3605,29.9128,113.2497,428.763,-1.742329,-0.405636,-0.052574,NA,TRUE,TRUE,0.0868,0.069917000000000007,1571.027,8.185257,16.911599,24.436612,8.185257,16.911599,24.436612,657.8346,1573.6079,2436.3787,657.8346,1573.6079,2436.3787
THFR,HYPERNETS,S3A,412,RHOW,251,21,6,4,97.8967,6.4424,31.2187,123.1279,485.6212,-2.068087,-0.46633,-0.060209,NA,TRUE,TRUE,0.089713,0.07332,1591.7971,8.568241,17.235502,24.585232,8.568241,17.235502,24.585232,713.4431,1609.5571,2452.9054,713.4431,1609.5571,2452.9054
THFR,HYPERNETS,S3A,442,RHOW,251,21,6,4,102.133,7.5108,32.0001,147.0644,675.8704,-3.507192,-0.698874,-0.087805,NA,TRUE,TRUE,0.094163,0.076827,1407.1228,7.577448,15.686896,22.180676,7.577448,15.686896,22.180676,577.1947,1464.9284,2215.0056,577.1947,1464.9284,2215.0056
THFR,HYPERNETS,S3A,490,RHOW,251,21,6,4,64.4799,6.994,20.2986,95.1892,446.3839,-3.278835,-0.630471,-0.065721,NA,TRUE,TRUE,0.097449,0.079811000000000007,1028.2186,5.714272,11.967368,16.535282,5.714272,11.967368,16.535282,431.5394,1118.1785,1653.3998,431.5394,1118.1785,1653.3998
THFR,HYPERNETS,S3A,510,RHOW,251,21,6,4,41.5131,5.7271,12.9625,57.3674,253.8866,-2.069134,-0.397745,-0.020084,NA,TRUE,TRUE,0.099271,0.081657,920.9405,5.45092,10.698644,14.457128,5.45092,10.698644,14.457128,409.787,1016.0617,1445.1119,409.787,1016.0617,1445.1119
THFR,HYPERNETS,S3A,560,RHOW,251,21,6,5,9.0587,0.3617,7.8523,29.5528,111.2244,-1.192081,-0.260246,-0.012654,NA,TRUE,TRUE,0.091741,0.069861,592.044,0.185819,5.883095,10.279727,0.795961,5.883095,10.279727,18.5819,588.3095,1027.9727,390.1027,588.3095,1027.9727
THFR,HYPERNETS,S3A,620,RHOW,251,21,6,4,40.373,4.3098,12.6126,54.8406,238.4519,-0.858422,-0.127202,0.040968,NA,TRUE,FALSE,0.105906,0.087215,2039.1028,12.640514,21.27322,29.023734,12.640514,21.27322,29.023734,797.2758,2082.0339,2854.9742,797.2758,2082.0339,2854.9742
THFR,HYPERNETS,S3A,665,RHOW,251,21,6,4,56.2611,5.0897,17.5717,76.7716,335.4194,-0.840682,-0.121684,0.042882,NA,TRUE,FALSE,0.108205,0.089239,2986.5759,18.564723,30.923638,42.076792,18.712605,30.923638,42.076792,950.2545,3034.0842,4129.1726,1151.513,3034.0842,4129.1726
THFR,HYPERNETS,S3A,673,RHOW,251,21,6,4,47.539,4.6512,14.8535,64.431,279.4856,-0.75601,-0.103571,0.046839,NA,TRUE,FALSE,0.107982,0.089198,2732.4265,17.802678,28.23354,37.598166,17.959639,28.23354,37.598166,912.692,2790.1734,3676.7909,1122.6172,2790.1734,3676.7909
THFR,HYPERNETS,S3A,681,RHOW,251,21,6,4,39.8205,4.0406,12.4358,55.4033,246.8302,-0.695824,-0.084737,0.052428,NA,TRUE,FALSE,0.108237,0.089327,2627.3047,17.432112,26.619462,35.280991,17.611518,26.619462,35.280991,881.2658,2642.6745,3425.7331,1125.4454,2642.6745,3425.7331
THFR,HYPERNETS,S3A,709,RHOW,251,21,6,4,75.6964,3.8357,23.8874,112.8821,533.4358,-0.730533,-0.080538,0.05701,NA,TRUE,FALSE,0.111965,0.092384,5718.0592,37.385474,56.330353,76.125470000000007,37.385474,56.330353,76.125470000000007,1837.0096,5595.9863,7327.5157,1837.0096,5595.9863,7327.5157
THFR,HYPERNETS,S3A,754,RHOW,251,21,6,6,-10.7022,-0.4276,-1026.9375,-331.5047,-107.0127,0.130434,0.265271,0.682972,NA,TRUE,TRUE,0.095997,0.065557,11974.0161,4.357038,80.505149,197.865957,4.357038,80.505149,197.865957,429.7789,3162.2194,19616.9107,429.7789,3162.2194,19616.9107
THFR,HYPERNETS,S3A,779,RHOW,251,21,6,6,-33.3792,1.631,-1181.0302,-382.2703,-123.7315,0.145746,0.300241,0.777559,NA,TRUE,TRUE,0.102135,0.071277,13190.7553,5.512553,96.903457,213.711778,5.512553,96.903457,213.711778,551.2499,3423.0981,21317.9576,551.2499,3423.0981,21317.9576
THFR,HYPERNETS,S3A,865,RHOW,251,21,6,6,-81.9814,1.1747,-1557.0598,-507.8198,-165.6204,0.128038,0.252715,0.634994,NA,TRUE,TRUE,0.098906,0.067376,21086.4007,5.072886,139.806313,363.921368,5.072886,139.806313,363.921368,507.0024,4096.7344,35976.1368,507.0024,4096.7344,35976.1368
THFR,HYPERNETS,S3A,885,RHOW,251,21,6,5,-229.3328,-3.2463,-1715.5466,-486.6905,-138.0712,0.132901,0.266529,0.73756,NA,TRUE,TRUE,0.107632,0.079593,26075.9426,4.223972,273.033676,434.164558,4.223972,273.033676,434.164558,422.3972,27303.3676,43416.4558,422.3972,27303.3676,43416.4558
THFR,HYPERNETS,S3A,1020,RHOW,251,21,6,6,-171.987,-0.6664,-1888.003,-628.6101,-209.2955,0.093363,0.150221,0.320992,NA,TRUE,TRUE,0.094876,0.064847,76046.338,18.318209,609.114445,1281.888206,18.318209,609.114445,1281.888206,1708.0003,19635.1746,128066.3087,1708.0003,19635.1746,128066.3087
THFR,HYPERNETS,S3B,400,RHOW,230,8,2,2,-86.8394,-18.9438,NA,-86.8394,NA,NA,0.33876,NA,NA,NA,NA,0.018165,0.015115,419.1489,2.758901,4.191489,5.624076,2.758901,4.191489,5.624076,217.3511,332.9241,490.5865,217.3511,332.9241,490.5865
THFR,HYPERNETS,S3B,412,RHOW,230,8,2,2,-285.8039,-66.7974,NA,-285.8039,NA,NA,1.158515,NA,NA,NA,NA,0.016965,0.014536,366.1265,2.550852,3.661265,4.771679,2.550852,3.661265,4.771679,216.2503,309.821,431.0768,216.2503,309.821,431.0768
THFR,HYPERNETS,S3B,442,RHOW,230,8,2,2,18.4171,9.2828,NA,18.4171,NA,NA,-0.088503,NA,NA,NA,NA,0.007716,0.006098,108.1977,0.673821,1.081977,1.490133,0.673821,1.081977,1.490133,55.6949,91.5271,135.6057,55.6949,91.5271,135.6057
THFR,HYPERNETS,S3B,490,RHOW,230,8,2,2,4.5337,3.6741,NA,4.5337,NA,NA,-0.027571,NA,NA,NA,NA,0.003526,0.002655,29.1768,0.102499,0.248383,0.394267,0.167576,0.291768,0.415959,7.7566,21.3809,36.7278,15.1696,26.8858,39.7939
THFR,HYPERNETS,S3B,510,RHOW,230,8,2,2,3.6652,3.505,NA,3.6652,NA,NA,-0.023955,NA,NA,NA,NA,0.002172,0.002064,21.8717,-0.054466,0.054892,0.164251,0.191271,0.218717,0.246163,-7.651,3.1969,14.6441,21.4888,23.4155,25.3727
THFR,HYPERNETS,S3B,560,RHOW,230,8,2,2,2.4803,2.575,NA,2.4803,NA,NA,-0.016109,NA,NA,NA,NA,9.94e-4,9.4e-4,9.0267,-0.080847,-0.035714,0.00942,0.07241,0.090267,0.108124,-9.1672,-4.161,0.6194,7.627,9.8434,12.1054
THFR,HYPERNETS,S3B,620,RHOW,230,8,2,2,6.5958,7.0145,NA,6.5958,NA,NA,-0.021204,NA,NA,NA,NA,4.26e-4,3.73e-4,10.0368,-0.106886,-0.056702,-0.006518,0.072017,0.100368,0.128719,-12.4647,-6.6163,-1.072,7.7639,11.2718,14.8939
THFR,HYPERNETS,S3B,665,RHOW,230,8,2,2,19.2627,31.6993,NA,19.2627,NA,NA,-0.04953,NA,NA,NA,NA,0.001153,9.45e-4,35.873,-0.485153,-0.35873,-0.232306,0.232306,0.35873,0.485153,-109.0125,-69.6875,-37.7614,37.7614,69.6875,109.0125
THFR,HYPERNETS,S3B,673,RHOW,230,8,2,2,-1.3644,-2.3095,NA,-1.3644,NA,NA,0.00576,NA,NA,NA,NA,0.001226,0.001202,40.5958,-0.439429,-0.405958,-0.372486,0.372486,0.405958,0.439429,-79.2805,-69.4173,-60.0968,60.0968,69.4173,79.2805
THFR,HYPERNETS,S3B,681,RHOW,230,8,2,2,0.354,0.6512,NA,0.354,NA,NA,5.85e-4,NA,NA,NA,NA,0.001418,0.001412,45.5997,-0.462358,-0.455997,-0.449637,0.449637,0.455997,0.462358,-86.0358,-83.8729,-81.7352,81.7352,83.8729,86.0358
THFR,HYPERNETS,S3B,709,RHOW,230,8,2,2,5.3183,6.1719,NA,5.3183,NA,NA,-0.006916,NA,NA,NA,NA,2.62e-4,2.05e-4,13.4623,-0.188887,-0.134623,-0.080359,0.080359,0.134623,0.188887,-24.0549,-16.4762,-9.3605,9.3605,16.4762,24.0549
THFR,HYPERNETS,S3B,754,RHOW,230,8,2,2,2.7286,0.9592,NA,2.7286,NA,NA,6.4e-5,NA,NA,NA,NA,0.001073,0.001052,184.6528,1.834064,1.846528,1.858993,1.834064,1.846528,1.858993,183.3982,184.6419,185.8911,183.3982,184.6419,185.8911
THFR,HYPERNETS,S3B,779,RHOW,230,8,2,2,-0.1406,-0.2826,NA,-0.1406,NA,NA,3.46e-4,NA,NA,NA,NA,3.18e-4,2.81e-4,47.3709,-0.552756,-0.473709,-0.394662,0.394662,0.473709,0.552756,-132.6026,-99.2093,-70.6101,70.6101,99.2093,132.6026
THFR,HYPERNETS,S3B,865,RHOW,230,8,2,2,1.7215,2.7095,NA,1.7215,NA,NA,-3.1e-4,NA,NA,NA,NA,1.07e-4,8.1e-5,35.7303,-0.514509,-0.335858,-0.157206,0.189374,0.357303,0.525232,-141.2754,-78.6229,-32.2394,36.516,82.4535,143.8488
THFR,HYPERNETS,S3B,885,RHOW,230,8,2,0,NA,NA,NA,NA,NA,NA,NA,NA,NA,NA,NA,NA,NA,NA,NA,NA,NA,NA,NA,NA,NA,NA,NA,NA,NA,NA
THFR,HYPERNETS,S3B,1020,RHOW,230,8,2,2,-10.1971,-0.7319,NA,-10.1971,NA,NA,0.002973,NA,NA,NA,NA,0.001738,0.001552,2246.751,13.181692,22.46751,31.753327,13.181692,22.46751,31.753327,738.0813,1334.6371,2355.8281,738.0813,1334.6371,2355.8281
THFR_NE,HYPERNETS,S3A,400,RHOW,229,120,33,22,15.6575,0.7239,23.1014,34.6322,51.9184,-0.142901,-0.083326,-0.043587,NA,TRUE,TRUE,0.049758,0.032626,921.9748,2.839449,4.468452,12.887019,2.839449,4.468452,12.887019,283.5582,446.2097,1286.6675,283.5582,446.2097,1286.6675
THFR_NE,HYPERNETS,S3A,412,RHOW,229,120,33,22,16.2461,0.9872,25.8928,39.1133,59.084,-0.187638,-0.111718,-0.06146,NA,TRUE,TRUE,0.051457,0.033171,825.9534,2.528166,3.90684,10.662354,2.528166,3.90684,10.662354,252.8161,390.6383,1062.0791,252.8161,390.6383,1062.0791
THFR_NE,HYPERNETS,S3A,442,RHOW,229,120,33,23,5.9729,0.4769,31.2935,48.4131,74.8984,-0.359952,-0.220667,-0.130635,NA,TRUE,TRUE,0.052317,0.029323,551.6572,0.487101,1.561375,6.701938,0.524267,1.561375,6.701938,48.702,156.1375,579.1701,57.2673,159.2878,884.4411
THFR_NE,HYPERNETS,S3A,490,RHOW,229,120,33,26,-3.4871,0.4179,-54.3481,-36.1433,-24.0365,0.226337,0.324313,0.471638,NA,TRUE,TRUE,0.051389,0.025909,335.8512,-0.106855,0.264796,1.021606,0.167919,0.549299,1.022776,-11.9647,26.4262,102.1012,16.7414,71.5346,615.4712
THFR_NE,HYPERNETS,S3A,510,RHOW,229,120,33,26,-0.6186,0.3846,-51.1522,-33.9585,-22.5441,0.233987,0.335893,0.489396,NA,TRUE,TRUE,0.052498,0.026154,300.9555,-0.228857,0.148634,0.891571,0.201172,0.372322,0.936552,-29.784300000000002,14.8032,88.4792,22.2424,47.989,307.3316
THFR_NE,HYPERNETS,S3A,560,RHOW,229,120,33,31,5.2288,1.0559,15.5952,22.3836,32.127,-0.31465,-0.21018,-0.137392,NA,TRUE,TRUE,0.049886,0.023653,208.4088,-0.321477,-0.063657,0.390927,0.168245,0.349262,0.716744,-47.4671,-6.7985,39.0923,18.7941,42.4549,247.8397
THFR_NE,HYPERNETS,S3A,620,RHOW,229,120,33,25,16.8454,1.5736,34.487,51.29,76.2799,-0.242983,-0.153624,-0.093541,NA,TRUE,TRUE,0.057356,0.027934,714.1903,-0.374377,0.192946,2.133046,0.323096,0.61276,2.133046,-59.8406,19.2946,213.3046,42.4949,108.1867,1756.6513
THFR_NE,HYPERNETS,S3A,665,RHOW,229,120,33,20,25.1143,1.4384,46.1731,72.3521,113.3741,-0.243634,-0.142476,-0.07792,NA,TRUE,TRUE,0.065411,0.034681,1274.6305,-0.359728,0.083902,25.933574,0.268024,0.67645,25.933574,-57.5203,7.6845,2582.1065,31.477,165.5026,3189.0156
THFR_NE,HYPERNETS,S3A,673,RHOW,229,120,33,22,23.2245,1.5359,42.2782,64.5053,98.4178,-0.23502,-0.14275,-0.082274,NA,TRUE,TRUE,0.062298,0.031716,1051.4805,-0.579589,-0.125508,17.353967,0.26423,0.749769,17.353967,-138.6592,-14.997,1229.2248,36.2548,171.4689,2716.6562
THFR_NE,HYPERNETS,S3A,681,RHOW,229,120,33,20,21.8458,1.7599,37.2129,58.0127,90.4384,-0.221446,-0.129068,-0.069811,NA,TRUE,TRUE,0.06564,0.034834,1104.2757,-0.47655,-0.065991,23.742159,0.296628,0.698075,23.742159,-92.6521,-7.4644,2360.1608,42.4213,161.9071,2360.1608
THFR_NE,HYPERNETS,S3A,709,RHOW,229,120,33,21,33.9626,1.1947,73.2787,114.2071,177.9951,-0.206596,-0.120055,-0.064528,NA,TRUE,TRUE,0.065964,0.034079,2348.5039,-0.333063,0.345433,43.712395,0.345433,0.839881,43.712395,-49.9393,34.5433,4371.2395,49.9393,138.3853,4371.2395
THFR_NE,HYPERNETS,S3A,754,RHOW,229,120,33,30,70.6222,1.1372,196.9605,284.2063,410.0986,-0.150935,-0.096751,-0.0592,NA,TRUE,TRUE,0.057509,0.025192,5505.8956,1.133428,3.554894,6.137354,1.133428,3.554894,6.137354,113.3208,355.4872,609.8514,120.7608,364.9331,640.3655
THFR_NE,HYPERNETS,S3A,779,RHOW,229,120,33,33,42.9131,0.411,177.4114,252.6598,359.8243,-0.130812,-0.084434,-0.051868,NA,TRUE,TRUE,0.058765,0.024746,5589.0984,-0.633429,0.117228,7.110119,0.600495,0.774118,7.110119,-172.7983,11.7228,711.0119,71.1237,208.4425,1505.239
THFR_NE,HYPERNETS,S3A,865,RHOW,229,120,33,22,21.0733,1.4551,285.3056,447.6822,702.4725,-0.165568,-0.092982,-0.046723,NA,TRUE,TRUE,0.068746,0.03441,13402.5099,-0.614417,0.944508,151.514814,0.704605,0.973116,151.514814,-170.1945,94.2861,9977.6324,118.067,451.6895,9977.6324
THFR_NE,HYPERNETS,S3A,885,RHOW,229,120,33,15,-81.7842,-1.1919,-882.0276,-503.1807,-287.0555,0.136658,0.202104,0.316824,NA,TRUE,TRUE,0.082474,0.049514,21068.5858,0.940189,6.370533,334.106398,1.093196,6.370533,334.106398,91.1154,637.0533,33410.1926,138.4164,884.7183,33410.1926
THFR_NE,HYPERNETS,S3A,1020,RHOW,229,120,33,30,126.3729,-0.0449,824.8765,1201.4369,1749.8992,-0.106521,-0.065002,-0.036495,NA,TRUE,TRUE,0.056428,0.025877,72945.3438,30.449972,48.192227,70.581009,30.449972,48.192227,70.581009,3044.6503,4818.4259,7057.999,3044.6503,4818.4259,7057.999
THFR_NE,HYPERNETS,S3B,400,RHOW,221,129,37,26,1.9795,-0.0519,5.9066,8.8097,13.1397,-0.024053,-0.009803,-2.48e-4,NA,TRUE,TRUE,0.020216,0.01626,850.1952,2.537048,4.214558,6.354173,2.537048,4.214558,6.354173,253.6695,421.4419,635.1006,279.1456,429.8459,635.1006
THFR_NE,HYPERNETS,S3B,412,RHOW,221,129,37,26,2.4942,-0.0293,5.9918,8.8859,13.178,-0.02996,-0.014272,-0.003693,NA,TRUE,TRUE,0.018683,0.014985,534.1088,2.08704,3.734628,5.25329,2.08704,3.734628,5.25329,208.7012,373.4417,525.3081,213.4673,378.7912,554.0966
THFR_NE,HYPERNETS,S3B,442,RHOW,221,129,37,27,1.6939,0.0205,4.3422,6.3969,9.4239,-0.036257,-0.020785,-0.010283,NA,TRUE,TRUE,0.010163,0.007638,159.8528,0.318708,1.238534,1.988285,0.561231,1.238534,1.988285,31.8225,123.8534,198.7845,57.2111,156.9962,214.4066
THFR_NE,HYPERNETS,S3B,490,RHOW,221,129,37,30,1.1795,0.0809,2.8392,4.08,5.8631,-0.037185,-0.022938,-0.013023,NA,TRUE,TRUE,0.005968,0.004476,55.2712,-0.207959,0.269128,0.622655,0.259714,0.536022,0.740477,-26.4761,26.7559,62.2626,31.4104,57.2461,89.2483
THFR_NE,HYPERNETS,S3B,510,RHOW,221,129,37,30,0.8187,0.4515,2.0597,2.9639,4.2652,-0.028264,-0.016713,-0.008686,NA,TRUE,TRUE,0.004663,0.003579,39.5566,-0.172229,0.089011,0.394441,0.117149,0.373958,0.597262,-20.9698,8.8809,39.4428,11.7081,39.0941,73.1817
THFR_NE,HYPERNETS,S3B,560,RHOW,221,129,37,34,0.5709,0.5229,1.3949,1.9557,2.7419,-0.019893,-0.011507999999999999,-0.005528,NA,TRUE,TRUE,0.004472,0.003466,32.4953,-0.359479,-0.080854,0.179749,0.10666,0.266476,0.435662,-56.1229,-8.8097,17.9101,11.3858,31.9936,56.6401
THFR_NE,HYPERNETS,S3B,620,RHOW,221,129,37,28,0.4985,0.7659,1.0749,1.5613,2.2679,-0.00498,-0.002371,-5.75e-4,NA,TRUE,TRUE,0.00189,0.001546,45.799,-0.458997,-0.053393,0.36787,0.178288,0.41502,0.700422,-85.372,-5.6913,36.7803,21.1246,42.1456,107.1217
THFR_NE,HYPERNETS,S3B,665,RHOW,221,129,37,24,0.3677,0.3686,0.7962,1.1988,1.8052,-0.002963,-0.001404,-3.68e-4,NA,FALSE,TRUE,0.001351,0.001081,41.8869,-0.633125,-0.335469,0.026302,0.224185,0.384402,0.633125,-172.7529,-50.7417,2.6159,23.9702,53.2148,172.7529
THFR_NE,HYPERNETS,S3B,673,RHOW,221,129,37,23,0.4188,0.4897,0.6968,1.0443,1.5651,-0.002614,-0.001152,-1.76e-4,NA,FALSE,TRUE,0.001413,0.001126,38.1496,-0.546716,-0.400287,-0.005094,0.143663,0.400287,0.546716,-120.8209,-66.7464,-0.571,15.1624,66.7464,120.8209
THFR_NE,HYPERNETS,S3B,681,RHOW,221,129,37,23,0.5501,0.6963,0.7234,1.0561,1.5416,-0.002627,-0.001183,-1.95e-4,NA,FALSE,TRUE,0.001397,0.001094,35.8467,-0.494833,-0.344871,-0.03196,0.193063,0.344871,0.494833,-98.0177,-52.6418,-3.3156,20.2263,52.6418,98.0177
THFR_NE,HYPERNETS,S3B,709,RHOW,221,129,37,24,0.6022,0.4242,1.0803,1.6107,2.4013,-0.001919,-7.9e-4,-3.3e-5,NA,TRUE,TRUE,7.32e-4,6.03e-4,50.6961,-0.319835,0.090085,0.452495,0.165593,0.450693,0.716179,-48.0848,9.0034,45.2466,16.5205,45.7797,108.7952
THFR_NE,HYPERNETS,S3B,754,RHOW,221,129,37,34,2.8022,0.392,4.4079,6.0321,8.2548,-0.002017,-9.75e-4,-2.13e-4,NA,TRUE,TRUE,0.001889,0.001432,367.1547,1.480859,2.698718,4.7526,1.480859,2.698718,4.7526,148.0527,269.7333,474.4887,165.6486,284.9158,489.5674
THFR_NE,HYPERNETS,S3B,779,RHOW,221,129,37,35,0.8041,0.6257,3.3072,4.6564,6.5559,-0.002363,-0.001487,-8.64e-4,NA,TRUE,TRUE,9.88e-4,5.54e-4,120.9649,-0.679413,-0.363998,0.530691,0.393875,0.667641,0.940546,-212.138,-57.2322,52.5329,60.8384,164.1333,313.001
THFR_NE,HYPERNETS,S3B,865,RHOW,221,129,37,19,0.5243,1.5422,2.8587,4.6605,7.598,-0.001725,-8.52e-4,-3.17e-4,NA,TRUE,TRUE,7.19e-4,4.25e-4,160.0207,-0.787133,-0.12188,1.365967,0.362755,0.819536,1.365967,-370.1112,-13.8796,134.3998,56.9513,191.4044,427.2896
THFR_NE,HYPERNETS,S3B,885,RHOW,221,129,37,18,0.3573,1.0804,2.2227,3.6853,6.1105,-0.001261,-5.98e-4,-1.99e-4,NA,TRUE,TRUE,5.38e-4,3.16e-4,129.8408,-0.577431,-0.249288,0.410745,0.322969,0.575385,0.870089,-136.6558,-33.7298,39.4841,47.7039,103.3003,356.8381
THFR_NE,HYPERNETS,S3B,1020,RHOW,221,129,37,30,5.1721,0.0902,17.2828,25.0269,36.241,8.1e-5,8.59e-4,0.001396,NA,TRUE,TRUE,0.002863,0.002525,8761.8776,32.186231,43.623928,68.345015,32.186231,43.623928,68.345015,3216.3059,4360.2182,6832.1037,3216.3059,4360.2182,6832.1037
MAFR,HYPERNETS,S3_all,400,RHOW,420,217,109,75,-0.1319,-0.2058,-4.1723,-3.3116,-2.6285,0.083859,0.100031,0.120405,NA,TRUE,TRUE,0.024251,0.016015,111.2945,-0.60411,-0.342756,0.053757,0.304082,0.538427,0.744126,-152.6906,-52.1505,5.3757,37.6099,95.5166,232.0302
MAFR,HYPERNETS,S3_all,412,RHOW,420,217,109,86,-0.1568,-0.1024,-3.1116,-2.5099,-2.0246,0.078162,0.091255,0.107486,NA,TRUE,TRUE,0.024206,0.016966,490.7046,-0.564404,-0.315841,0.085006,0.275981,0.488408,0.738793,-129.5705,-46.1648,8.491,37.0112,90.4582,204.9715
MAFR,HYPERNETS,S3_all,442,RHOW,420,217,109,100,-0.0192,0.0809,-2.4391,-1.9987,-1.6378,0.103621,0.118955,0.137668,NA,TRUE,TRUE,0.024832,0.018991,47.9156,-0.460833,-0.284579,-0.037667,0.223051,0.404785,0.590406,-85.4789,-39.778,-3.9228,28.709,57.3396,112.8458
MAFR,HYPERNETS,S3_all,490,RHOW,420,217,109,107,0.0243,0.1121,1.4117,1.711,2.0738,-0.080509,-0.057633,-0.03876,NA,TRUE,TRUE,0.026955,0.021242,33.6033,-0.368873,-0.230371,-0.065681,0.18404,0.28974,0.420741,-58.4511,-29.9328,-7.0305,22.2975,39.1248,65.347
MAFR,HYPERNETS,S3_all,510,RHOW,420,217,109,108,0.2108,0.4805,1.298,1.5691,1.8969,-0.078665,-0.054587,-0.034669,NA,TRUE,TRUE,0.026599,0.020934,28.4209,-0.313304,-0.211312,-0.061585,0.150619,0.245237,0.355003,-45.6248,-26.7932,-6.5653,17.5572,30.9744,52.4937
MAFR,HYPERNETS,S3_all,560,RHOW,420,217,109,109,0.5705,1.0483,1.0913,1.295,1.5369,-0.068709,-0.04401,-0.023196,NA,TRUE,TRUE,0.0268,0.021058,20.6985,-0.238217,-0.154107,-0.047792,0.105652,0.166053,0.244969,-31.271,-18.2183,-5.019,11.7874,19.9117,31.2926
MAFR,HYPERNETS,S3_all,620,RHOW,420,217,109,107,0.7938,1.0435,0.9704,1.1105,1.271,-0.038763,-0.02334,-0.009864,NA,FALSE,TRUE,0.026073,0.020012,22.1047,-0.242145,-0.159248,-0.070539,0.10974,0.17052,0.268581,-31.9515,-18.9412,-7.5893,12.017,20.313,34.3627
MAFR,HYPERNETS,S3_all,665,RHOW,420,217,109,107,0.8567,1.1164,0.9818,1.11,1.255,-0.033465,-0.02075,-0.009504,NA,FALSE,TRUE,0.025127,0.018644,24.2486,-0.260903,-0.15816,-0.052071,0.113694,0.172177,0.287355,-35.3055,-18.7874,-5.4935,12.6273,19.9962,40.3246
MAFR,HYPERNETS,S3_all,673,RHOW,420,217,109,107,0.8646,1.1331,0.985,1.1121,1.2557,-0.03322,-0.020786,-0.009774,NA,FALSE,TRUE,0.0251,0.018595,24.8063,-0.271619,-0.161875,-0.054727,0.118254,0.17368,0.291353,-37.2913,-19.314,-5.7918,12.8731,20.3292,41.1174
MAFR,HYPERNETS,S3_all,681,RHOW,420,217,109,107,0.8675,1.1281,0.9842,1.1102,1.2523,-0.032633,-0.020417,-0.009588,NA,FALSE,TRUE,0.025035,0.01849,24.907,-0.270491,-0.164775,-0.052465,0.121902,0.176496,0.286012,-37.0803,-19.7282,-5.5371,12.9221,20.1345,40.0607
MAFR,HYPERNETS,S3_all,709,RHOW,420,217,109,107,0.926,1.1722,1.0335,1.1613,1.3048,-0.027061,-0.017105,-0.008243,NA,TRUE,TRUE,0.023254,0.015385,28.0056,-0.263649,-0.149368,-0.012101,0.11062,0.169662,0.303534,-35.805,-17.5596,-1.2256,11.7462,20.0347,40.6255
MAFR,HYPERNETS,S3_all,754,RHOW,420,217,109,107,0.9832,0.9537,1.2963,1.4994,1.7344,-0.020554,-0.013523,-0.007445,NA,TRUE,TRUE,0.022589,0.01067,54.7898,-0.268482,-0.100496,0.101892,0.10098,0.202446,0.38454,-36.702,-11.1723,10.1837,11.2322,25.1259,49.6607
MAFR,HYPERNETS,S3_all,779,RHOW,420,217,109,109,0.9846,1.0198,1.3225,1.5308,1.7718,-0.021555,-0.014196,-0.007837,NA,TRUE,TRUE,0.024577,0.01126,58.8944,-0.27453,-0.093122,0.121913,0.106191,0.21222,0.380251,-37.8417,-10.2684,12.1913,11.6376,24.5014,54.9138
MAFR,HYPERNETS,S3_all,865,RHOW,420,217,109,109,1.214,1.028,1.9926,2.346,2.762,-0.025062,-0.01809,-0.012168,NA,TRUE,TRUE,0.023762,0.009369,84.2705,-0.279675,-0.082868,0.189275,0.100833,0.267222,0.454498,-38.8263,-9.0356,18.9275,11.214,31.3212,59.3158
MAFR,HYPERNETS,S3_all,885,RHOW,420,217,109,109,1.3655,1.0942,2.4821,2.9388,3.4796,-0.028339,-0.021029,-0.014856,NA,TRUE,TRUE,0.023693,0.009101,94.4739,-0.307674,-0.087781,0.215551,0.113547,0.290065,0.502085,-44.4406,-9.6229,21.5551,12.8091,38.4451,72.1183
MAFR,HYPERNETS,S3_all,1020,RHOW,420,217,109,85,1.5354,0.3991,15.6061,19.3677,24.0361,-0.048248,-0.036716,-0.027424,NA,TRUE,TRUE,0.025282,0.008728,508.1594,0.666382,1.373262,3.225182,0.666382,1.373262,3.225182,66.6382,137.3262,322.5182,66.6382,137.3262,322.5182
THFR,HYPERNETS,S3_all,400,RHOW,481,29,8,6,91.1721,6.3087,54.0809,108.7613,218.728,-0.830703,-0.385058,-0.163463,NA,TRUE,TRUE,0.071644,0.05165,1187.0676,2.758901,8.793166,20.102565,2.758901,8.793166,20.102565,217.3511,863.798,1916.3791,217.3511,863.798,1916.3791
THFR,HYPERNETS,S3_all,412,RHOW,481,29,8,6,107.3494,7.8195,63.7948,127.525,254.9207,-1.031884,-0.487218,-0.214747,NA,TRUE,TRUE,0.073902,0.053725,1183.2402,2.674445,8.385669,20.408631,2.674445,8.385669,20.408631,232.135,804.56,1949.9737,232.135,804.56,1949.9737
THFR,HYPERNETS,S3_all,442,RHOW,481,29,8,6,66.448,5.52,55.9656,160.9875,463.0879,-2.419364,-0.802837,-0.240868,NA,TRUE,TRUE,0.077013,0.053251,974.1478,0.944403,5.89637,18.583119,0.944403,5.89637,18.583119,87.9161,461.9187,1775.5948,87.9161,461.9187,1775.5948
THFR,HYPERNETS,S3_all,490,RHOW,481,29,8,6,0.4595,-0.7993,24.1911,74.9699,232.33690000000001,-1.761315,-0.526459,-0.127999,NA,TRUE,TRUE,0.079593,0.054092,695.2047,0.352202,4.031331,14.189796,0.352202,4.031331,14.189796,34.8093,262.2976,1356.4064,34.8093,262.2976,1356.4064
THFR,HYPERNETS,S3_all,510,RHOW,481,29,8,6,15.3439,1.6333,20.094,60.6332,182.9592,-1.537587,-0.467162,-0.11242,NA,TRUE,TRUE,0.081064,0.055126,621.2509,0.239911,3.732639,12.452132,0.239911,3.732639,12.452132,23.976,223.0013,1202.7053,23.976,223.0013,1202.7053
THFR,HYPERNETS,S3_all,560,RHOW,481,29,8,7,11.3369,0.8679,12.8104,32.6473,83.2019,-0.873643,-0.307619,-0.085519,NA,TRUE,TRUE,0.077537,0.050169,425.4676,-0.035714,0.185819,8.081411,0.1559,0.795961,8.081411,-4.161,18.5819,781.1324,16.4793,390.1027,781.1324
THFR,HYPERNETS,S3_all,620,RHOW,481,29,8,6,45.1107,4.619,27.9229,70.739,179.2082,-0.637959,-0.214308,-0.047079,NA,TRUE,TRUE,0.086472,0.058267,1362.7475,0.069862,8.476492,23.507562,0.150605,8.480803,23.507562,6.893,352.1903,2315.6105,15.7807,359.589,2315.6105
THFR,HYPERNETS,S3_all,665,RHOW,481,29,8,6,61.2358,5.2041,38.646,99.6287,256.8409,-0.642021,-0.211259,-0.044167,NA,TRUE,TRUE,0.088351,0.059808,2003.0082,-0.248293,12.372834,33.959681,0.374717,12.731564,33.959681,-33.7712,380.7736,3350.8231,64.7725,715.8129,3350.8231
THFR,HYPERNETS,S3_all,673,RHOW,481,29,8,6,50.0004,4.4244,32.084,83.7544,218.6386,-0.594976,-0.189763,-0.034537,NA,TRUE,TRUE,0.08817,0.059866,1835.1496,-0.332741,11.763811,30.429537,0.372486,12.157223,30.429537,-49.8864,312.8347,3017.4289,60.0968,586.5044,3017.4289
THFR,HYPERNETS,S3_all,681,RHOW,481,29,8,6,41.4319,3.7655,27.0697,71.5022,188.8666,-0.53452,-0.163848,-0.023517,NA,TRUE,TRUE,0.088379,0.060022,1766.7364,-0.42216,11.501804,28.247983,0.449637,11.915569,28.247983,-73.3899,295.2327,2810.055,81.7352,577.1703,2810.055
THFR,HYPERNETS,S3_all,709,RHOW,481,29,8,6,74.7141,3.1498,53.4403,147.2507,405.7381,-0.56517,-0.164932,-0.019677,NA,TRUE,TRUE,0.09142,0.061658,3816.5269,-0.001481,24.94777,59.58394,0.11506,25.033165,59.58394,-0.2368,638.2471,5930.072,12.9806,719.4573,5930.072
THFR,HYPERNETS,S3_all,754,RHOW,481,29,8,8,0.1125,-0.1986,143.3531,345.8275,834.2803,-0.444982,-0.155167,-0.035032,NA,TRUE,TRUE,0.083138,0.049431,9026.6752,1.858993,4.842437,169.420026,1.858993,4.842437,169.420026,185.8911,476.1217,16780.8714,185.8911,476.1217,16780.8714
THFR,HYPERNETS,S3_all,779,RHOW,481,29,8,8,-8.4741,1.8355,-948.7536,-393.3438,-163.0764,0.149409,0.284239,0.609451,NA,TRUE,TRUE,0.088451,0.053528,9904.9092,-0.370628,5.527935,196.73607,0.607769,5.527935,196.73607,-60.9969,552.7862,19621.8301,156.2904,552.7862,19621.8301
THFR,HYPERNETS,S3_all,865,RHOW,481,29,8,8,-43.9741,2.0521,-1220.941,-507.4555,-210.912,0.125896,0.23143,0.485344,NA,TRUE,TRUE,0.085655,0.050552,15823.7331,-0.135695,5.181796,304.115795,0.671649,5.181796,304.115795,-24.3146,517.7958,30019.839,206.3729,517.7958,30019.839
THFR,HYPERNETS,S3_all,885,RHOW,481,29,8,5,-229.3328,-3.2463,-1715.5466,-486.6905,-138.0712,0.132901,0.266529,0.73756,NA,TRUE,TRUE,0.107632,0.079593,26075.9426,4.223972,273.033676,434.164558,4.223972,273.033676,434.164558,422.3972,27303.3676,43416.4558,422.3972,27303.3676,43416.4558
THFR,HYPERNETS,S3_all,1020,RHOW,481,29,8,8,-142.6263,-0.6787,-1537.2541,-648.4201,-273.5063,0.085652,0.135679,0.25428,NA,TRUE,TRUE,0.082170000000000007,0.049023,57596.4413,11.955251,36.419592,1218.248637,11.955251,36.419592,1218.248637,1143.8707,3613.3348,121704.4132,1143.8707,3613.3348,121704.4132
THFR_NE,HYPERNETS,S3_all,400,RHOW,450,249,69,47,5.2675,0.194,14.0831,18.7133,24.8658,-0.057404,-0.036887,-0.021446,NA,TRUE,TRUE,0.032642,0.022402,866.4706,2.616603,4.204893,11.12383,2.616603,4.204893,11.12383,261.6596,420.4893,1112.3431,268.0677,434.4627,1112.3431
THFR_NE,HYPERNETS,S3_all,412,RHOW,450,249,69,47,5.7882,0.3191,15.8012,21.0067,27.9272,-0.077906,-0.052308,-0.033053,NA,TRUE,TRUE,0.033219,0.021934,646.9325,2.103497,3.779322,8.097682,2.103497,3.779322,8.097682,210.3491,377.9322,809.6008,215.9859,379.6517,809.6008
THFR_NE,HYPERNETS,S3_all,442,RHOW,450,249,69,49,2.5764,0.2002,19.0531,25.4106,33.8893,-0.154505,-0.110693,-0.077843,NA,TRUE,TRUE,0.031732,0.016207,318.0327,0.468452,1.486935,2.618204,0.525985,1.486935,2.618204,46.8452,148.6935,261.8204,54.8119,156.9962,306.977
THFR_NE,HYPERNETS,S3_all,490,RHOW,450,249,69,55,-0.7022,0.2466,-27.61,-21.035,-16.0257,0.147264,0.187479,0.240264,NA,TRUE,TRUE,0.031052,0.013141,170.8031,-0.120482,0.228067,0.769425,0.217046,0.527242,0.849763,-13.7002,22.8067,76.9304,21.6996,58.2623,167.302
THFR_NE,HYPERNETS,S3_all,510,RHOW,450,249,69,55,-0.3584,0.391,-26.0754,-19.8638,-15.1318,0.15328,0.195279,0.25041,NA,TRUE,TRUE,0.031719,0.012778,148.7181,-0.222376,0.109994,0.529457,0.146321,0.383994,0.636691,-28.6624,10.9994,52.9449,15.7587,39.7923,103.6906
THFR_NE,HYPERNETS,S3_all,560,RHOW,450,249,69,64,1.8699,0.684,11.0377,14.1594,18.164,-0.175277,-0.132695,-0.099501,NA,TRUE,TRUE,0.030708,0.011977,108.86,-0.351478,-0.079055,0.252004,0.123604,0.32093,0.657176,-54.1994,-8.594,25.2004,12.4926,38.4655,118.0611
THFR_NE,HYPERNETS,S3_all,620,RHOW,450,249,69,52,3.8176,0.9827,23.5493,31.1058,41.087,-0.133356,-0.097468,-0.070298,NA,TRUE,TRUE,0.035089,0.012605,339.625,-0.456968,-0.040638,0.464029,0.297558,0.477866,0.82021,-84.5842,-4.2515,46.2391,34.519,67.3343,312.5346
THFR_NE,HYPERNETS,S3_all,665,RHOW,450,249,69,43,6.0079,0.6438,36.3616,49.4855,67.3461,-0.152005,-0.107573,-0.074925,NA,TRUE,TRUE,0.039353,0.014702,567.4801,-0.564526,-0.210843,0.258031,0.248783,0.496745,0.86151,-130.6161,-26.7174,25.7946,26.9908,98.7063,408.8911
THFR_NE,HYPERNETS,S3_all,673,RHOW,450,249,69,44,6.6816,0.8326,33.1488,44.8923,60.796,-0.15033,-0.107018,-0.075036,NA,TRUE,TRUE,0.038912,0.014458,503.3669,-0.566439,-0.297439,0.042915,0.221754,0.516205,0.883982,-130.6478,-42.3866,4.2908,27.0848,106.6996,562.1157
THFR_NE,HYPERNETS,S3_all,681,RHOW,450,249,69,42,5.9989,1.0142,30.1411,41.1404,56.1537,-0.144726,-0.101723,-0.070217,NA,TRUE,TRUE,0.039998,0.015102,505.1714,-0.501213,-0.240451,0.026352,0.207959,0.434587,0.803039,-100.5349,-31.6679,2.6346,24.1037,76.8683,291.3759
THFR_NE,HYPERNETS,S3_all,709,RHOW,450,249,69,44,6.4603,0.6074,59.9367,81.3631,110.4492,-0.136073,-0.096192,-0.066813,NA,TRUE,TRUE,0.040232,0.014542,1068.8142,-0.363355,0.20641,0.898195,0.251695,0.554029,0.961073,-57.6465,20.6258,89.5612,25.3331,83.6075,285.0727
THFR_NE,HYPERNETS,S3_all,754,RHOW,450,249,69,63,9.4033,0.5665,124.1362,159.8535,205.8476,-0.080294,-0.059753,-0.043801,NA,TRUE,TRUE,0.034905,0.011242,2642.8054,1.151227,2.899,4.959942,1.151227,2.899,4.959942,115.0933,289.9,495.9816,136.2383,313.1092,501.1411
THFR_NE,HYPERNETS,S3_all,779,RHOW,450,249,69,67,7.1027,0.3785,130.828,167.1538,213.566,-0.083538,-0.062958,-0.046851,NA,TRUE,TRUE,0.036752,0.011025,2636.8573,-0.667569,-0.23449,1.652797,0.409136,0.740756,1.652797,-200.8147,-30.6319,164.4708,65.1596,200.75,507.0389
THFR_NE,HYPERNETS,S3_all,865,RHOW,450,249,69,40,-12.967,1.5066,-411.5362,-298.099,-215.93,0.078943,0.102581,0.135215,NA,TRUE,TRUE,0.044822,0.016686,6917.91,-0.68434,0.165006,3.809542,0.591731,0.906424,3.809542,-216.7974,16.2977,380.8071,81.7472,265.1496,1109.9318
THFR_NE,HYPERNETS,S3_all,885,RHOW,450,249,69,33,-35.2686,0.4846,-468.5074,-327.9867,-229.6127,0.085378,0.113445,0.153538,NA,TRUE,TRUE,0.048708,0.019718,8959.2528,-0.345051,0.525746,6.370533,0.427405,0.892641,6.370533,-52.6835,52.5746,637.0533,52.6835,210.5403,915.7454
THFR_NE,HYPERNETS,S3_all,1020,RHOW,450,249,69,59,10.1712,0.0923,520.3285,676.3084,879.0466,-0.050126,-0.035605,-0.024434,NA,TRUE,TRUE,0.035078,0.012763,40525.744,30.721203,45.285106,70.303207,30.721203,45.285106,70.303207,3071.6564,4528.5106,7030.2182,3071.6564,4528.5106,7030.2182
