file_name,site_name,sensor_X,sensor_Y,lon_X,lat_X,lon_Y,lat_Y,dist,dist_limit,dateTime_X,dateTime_Y,diff_time,diff_time_limit,n,Slope,Slope_log,Slope_II_low,Slope_II,Slope_II_high,Slope_II_int_low,Slope_II_int,Slope_II_int_high,Slope_II_p,Slope_II_slope_bias_sig,Slope_II_int_bias_sig,RMSE,MSA,MAPE,MRD_25,MRD_50,MRD_75,MARD_25,MARD_50,MARD_75,Bias_25,Bias_50,Bias_75,Error_25,Error_50,Error_75
AQUA_20240912T134001_vs_HYPERNETS_20240912T134500_RHOW_C.csv,MAFR,Hyp,AQUA,-1.040456,45.547661999999995,-1.0037909999999997,45.539986,2.98,5,2024-09-12T11:45:00Z,2024-09-12T11:40:01Z,5,15,8,0.9763,1.2049,0.8807,0.9822,1.0953,-0.00873,-0.004878,-0.001423,NA,FALSE,TRUE,0.005694,0.005484,18.5359,-0.198054,-0.164932,-0.121937,0.121937,0.164932,0.198054,-24.7374,-19.7617,-13.8871,13.8871,19.7617,24.7374
AQUA_20251014T143501_vs_HYPERNETS_20251014T143000_RHOW_C.csv,MAFR,Hyp,AQUA,-1.040456,45.547661999999995,-1.004358,45.537872,3.02,5,2025-10-14T12:30:00Z,2025-10-14T12:35:01Z,5,15,8,0.8954,1.3116,0.7493,0.9138,1.1145,-0.023312,-0.009399,0.002009,NA,FALSE,FALSE,0.016162,0.015374,24.6142,-0.266101,-0.229335,-0.185329,0.185329,0.229335,0.266101,-36.335,-29.7905,-22.7788,22.7788,29.7905,36.335
AQUA_20251014T143501_vs_HYPERNETS_20251014T144500_RHOW_C.csv,MAFR,Hyp,AQUA,-1.040456,45.547661999999995,-1.004358,45.537872,3.02,5,2025-10-14T12:45:00Z,2025-10-14T12:35:01Z,10,15,8,1.4929,1.4642,1.3136,1.5074,1.7297,-0.026401,-0.01607,-0.007067,NA,TRUE,TRUE,0.010739,0.009269,19.1709,0.086688,0.164861,0.208449,0.1541,0.175949,0.276816,8.4561,16.486,20.7838,15.3976,17.5906,28.4118
AQUA_20240912T134001_vs_HYPERNETS_20240912T133000_RHOW_pixel.csv,MAFR_pixel,Hyp,AQUA,-1.040456,45.547661999999995,-1.0319369999999999,45.554140999999994,0.98,5,2024-09-12T11:30:00Z,2024-09-12T11:40:01Z,10,15,10,1.0008,0.9744,0.9052,1.01,1.127,-0.002765,5.64e-4,0.003547,NA,FALSE,FALSE,0.002125,0.001782,9.6941,-0.010828,0.022881,0.119626,0.019065,0.045592,0.184187,-1.0992,2.2798,11.8994,1.9448,4.5546,18.3921
AQUA_20240912T134001_vs_HYPERNETS_20240912T134500_RHOW_pixel.csv,MAFR_pixel,Hyp,AQUA,-1.040456,45.547661999999995,-1.0319369999999999,45.554140999999994,0.98,5,2024-09-12T11:45:00Z,2024-09-12T11:40:01Z,5,15,10,0.9629,1.1955,0.8907,0.968,1.0519,-0.007467,-0.004531,-0.001829,NA,FALSE,TRUE,0.005867,0.005651,18.7279,-0.193205,-0.170965,-0.148391,0.148391,0.170965,0.193205,-23.9473,-20.6221,-17.4252,17.4252,20.6221,23.9473
AQUA_20251016T141500_vs_HYPERNETS_20251016T140000_RHOW_pixel.csv,MAFR_pixel,Hyp,AQUA,-1.040456,45.547661999999995,-1.0326389999999999,45.554649999999995,0.99,5,2025-10-16T12:00:00Z,2025-10-16T12:15:00Z,15,15,10,1.3125,0.5707,1.1001,1.3601,1.6815,0.001562,0.006587,0.01065,NA,TRUE,TRUE,0.013108,0.012214,127.6195,0.621178,0.650351,1.91049,0.621178,0.650351,1.91049,62.1165,65.0304,180.3436,62.1165,65.0304,180.3436
AQUA_20251016T141500_vs_HYPERNETS_20251016T141500_RHOW_pixel.csv,MAFR_pixel,Hyp,AQUA,-1.040456,45.547661999999995,-1.0326389999999999,45.554649999999995,0.99,5,2025-10-16T12:15:00Z,2025-10-16T12:15:00Z,0,15,10,1.265,0.5841,1.0654,1.3075,1.6047,0.001622,0.006478,0.010434,NA,TRUE,TRUE,0.012324,0.011503,115.2074,0.536496,0.582097,1.749906,0.536496,0.582097,1.749906,53.645,58.2066,164.7112,53.645,58.2066,164.7112
AQUA_20251016T141500_vs_HYPERNETS_20251016T143000_RHOW_pixel.csv,MAFR_pixel,Hyp,AQUA,-1.040456,45.547661999999995,-1.0326389999999999,45.554649999999995,0.99,5,2025-10-16T12:30:00Z,2025-10-16T12:15:00Z,15,15,10,1.2741,0.6072,1.0771,1.3145,1.6041,0.001405,0.006179,0.01009,NA,TRUE,TRUE,0.012184,0.011362,108.1849,0.534477,0.570347,1.635075,0.534477,0.570347,1.635075,53.4443,57.0297,154.7933,53.4443,57.0297,154.7933
AQUA_20240912T134001_vs_HYPERNETS_20240912T133000_RHOW_raw.csv,MAFR_raw,Hyp,AQUA,-1.040456,45.547661999999995,-1.0319369999999999,45.554140999999994,0.98,5,2024-09-12T11:30:00Z,2024-09-12T11:40:01Z,10,15,10,1.0008,0.9744,0.9052,1.01,1.127,-0.002765,5.64e-4,0.003547,NA,FALSE,FALSE,0.002125,0.001782,9.6941,-0.010828,0.022881,0.119626,0.019065,0.045592,0.184187,-1.0992,2.2798,11.8994,1.9448,4.5546,18.3921
AQUA_20240912T134001_vs_HYPERNETS_20240912T134500_RHOW_raw.csv,MAFR_raw,Hyp,AQUA,-1.040456,45.547661999999995,-1.0319369999999999,45.554140999999994,0.98,5,2024-09-12T11:45:00Z,2024-09-12T11:40:01Z,5,15,10,0.9629,1.1955,0.8907,0.968,1.0519,-0.007467,-0.004531,-0.001829,NA,FALSE,TRUE,0.005867,0.005651,18.7279,-0.193205,-0.170965,-0.148391,0.148391,0.170965,0.193205,-23.9473,-20.6221,-17.4252,17.4252,20.6221,23.9473
AQUA_20251016T141500_vs_HYPERNETS_20251016T140000_RHOW_raw.csv,MAFR_raw,Hyp,AQUA,-1.040456,45.547661999999995,-1.0326389999999999,45.554649999999995,0.99,5,2025-10-16T12:00:00Z,2025-10-16T12:15:00Z,15,15,10,1.3125,0.5707,1.1001,1.3601,1.6815,0.001562,0.006587,0.01065,NA,TRUE,TRUE,0.013108,0.012214,127.6195,0.621178,0.650351,1.91049,0.621178,0.650351,1.91049,62.1165,65.0304,180.3436,62.1165,65.0304,180.3436
AQUA_20251016T141500_vs_HYPERNETS_20251016T141500_RHOW_raw.csv,MAFR_raw,Hyp,AQUA,-1.040456,45.547661999999995,-1.0326389999999999,45.554649999999995,0.99,5,2025-10-16T12:15:00Z,2025-10-16T12:15:00Z,0,15,10,1.265,0.5841,1.0654,1.3075,1.6047,0.001622,0.006478,0.010434,NA,TRUE,TRUE,0.012324,0.011503,115.2074,0.536496,0.582097,1.749906,0.536496,0.582097,1.749906,53.645,58.2066,164.7112,53.645,58.2066,164.7112
AQUA_20251016T141500_vs_HYPERNETS_20251016T143000_RHOW_raw.csv,MAFR_raw,Hyp,AQUA,-1.040456,45.547661999999995,-1.0326389999999999,45.554649999999995,0.99,5,2025-10-16T12:30:00Z,2025-10-16T12:15:00Z,15,15,10,1.2741,0.6072,1.0771,1.3145,1.6041,0.001405,0.006179,0.01009,NA,TRUE,TRUE,0.012184,0.011362,108.1849,0.534477,0.570347,1.635075,0.534477,0.570347,1.635075,53.4443,57.0297,154.7933,53.4443,57.0297,154.7933
AQUA_20250123T133000_vs_HYPERNETS_20250123T131500_RHOW_R.csv,THFR,Hyp,AQUA,3.6641600000000003,43.43485999999999,3.6845310000000007,43.418670999999996,2.44,5,2025-01-23T12:15:00Z,2025-01-23T12:30:00Z,15,30,4,0.7982,1.2733,0.2522,1.1956,5.6683,-0.025311,-0.003088,0.0016,NA,FALSE,FALSE,0.002564,0.002116,45.8575,-0.650488,-0.426871,-0.234959,0.234959,0.426871,0.650488,-201.1385,-82.5106,-30.8942,30.8942,82.5106,201.1385
AQUA_20250123T133000_vs_HYPERNETS_20250123T133000_RHOW_R.csv,THFR,Hyp,AQUA,3.6641600000000003,43.43485999999999,3.6845310000000007,43.418670999999996,2.44,5,2025-01-23T12:30:00Z,2025-01-23T12:30:00Z,0,30,4,0.8402,1.4102,0.2656,1.2608,5.9853,-0.02747,-0.003535,0.001507,NA,FALSE,FALSE,0.002638,0.002214,47.163,-0.680337,-0.448736,-0.240029,0.240029,0.448736,0.680337,-225.9236,-92.6129,-31.7637,31.7637,92.6129,225.9236
AQUA_20250123T133000_vs_HYPERNETS_20250123T134500_RHOW_R.csv,THFR,Hyp,AQUA,3.6641600000000003,43.43485999999999,3.6845310000000007,43.418670999999996,2.44,5,2025-01-23T12:45:00Z,2025-01-23T12:30:00Z,15,30,4,0.8077,1.1328,0.254,1.1867,5.5444,-0.022592,-0.002594,0.001687,NA,FALSE,FALSE,0.002245,0.001737,40.8693,-0.581586,-0.359198,-0.186305,0.186305,0.359198,0.581586,-155.2728,-60.4428,-23.0513,23.0513,60.4428,155.2728
AQUA_20250123T133000_vs_HYPERNETS_20250123T140000_RHOW_R.csv,THFR,Hyp,AQUA,3.6641600000000003,43.43485999999999,3.6845310000000007,43.418670999999996,2.44,5,2025-01-23T13:00:00Z,2025-01-23T12:30:00Z,30,30,4,0.8299,1.0894,0.2605,1.209,5.6102,-0.021697,-0.002438,0.001713,NA,FALSE,FALSE,0.002072,0.001523,37.727,-0.54394,-0.320195,-0.153524,0.153524,0.320195,0.54394,-135.5352,-50.3683,-18.2945,18.2945,50.3683,135.5352
AQUA_20250131T135000_vs_HYPERNETS_20250131T133000_RHOW_R.csv,THFR,Hyp,AQUA,3.6641600000000003,43.43485999999999,3.691357,43.4286,2.31,5,2025-01-31T12:30:00Z,2025-01-31T12:50:00Z,20,30,8,0.7766,1.3096,0.551,0.9868,1.7671,-0.005018,-0.001693,1.64e-4,NA,FALSE,FALSE,0.00219,0.001749,46.3852,-0.709274,-0.559473,-0.162069,0.162069,0.559473,0.709274,-243.9961,-127.8798,-19.3606,19.3606,127.8798,243.9961
AQUA_20250131T135000_vs_HYPERNETS_20250131T134500_RHOW_R.csv,THFR,Hyp,AQUA,3.6641600000000003,43.43485999999999,3.691357,43.4286,2.31,5,2025-01-31T12:45:00Z,2025-01-31T12:50:00Z,5,30,8,0.7678,1.3509,0.5444,0.9713,1.7331,-0.005057,-0.00173,1.34e-4,NA,FALSE,FALSE,0.002276,0.001855,47.8006,-0.715387,-0.581629,-0.161905,0.161905,0.581629,0.715387,-251.3645,-139.4099,-19.3183,19.3183,139.4099,251.3645
AQUA_20250131T135000_vs_HYPERNETS_20250131T140000_RHOW_R.csv,THFR,Hyp,AQUA,3.6641600000000003,43.43485999999999,3.691357,43.4286,2.31,5,2025-01-31T13:00:00Z,2025-01-31T12:50:00Z,10,30,8,0.8159,1.2585,0.5775,1.0133,1.7779,-0.004347,-0.001398,2.84e-4,NA,FALSE,FALSE,0.001833,0.001407,42.2307,-0.667456,-0.522595,-0.081698,0.101453,0.522595,0.667456,-200.7295,-110.2409,-8.9096,10.3669,110.2409,200.7295
AQUA_20250205T135001_vs_HYPERNETS_20250205T133000_RHOW_R.csv,THFR,Hyp,AQUA,3.6641600000000003,43.43485999999999,3.6807930000000004,43.429866999999994,1.45,5,2025-02-05T12:30:00Z,2025-02-05T12:50:01Z,20,30,2,15.3473,24.0373,NA,NA,NA,NA,NA,NA,NA,NA,NA,0.00214,0.002009,35.2812,-0.418919,-0.352812,-0.286705,0.286705,0.352812,0.418919,-75.0735,-57.8435,-42.3091,42.3091,57.8435,75.0735
AQUA_20250205T135001_vs_HYPERNETS_20250205T134500_RHOW_R.csv,THFR,Hyp,AQUA,3.6641600000000003,43.43485999999999,3.6807930000000004,43.429866999999994,1.45,5,2025-02-05T12:45:00Z,2025-02-05T12:50:01Z,5,30,2,11.5772,17.9009,NA,NA,NA,NA,NA,NA,NA,NA,NA,0.002066,0.001936,34.4844,-0.410796,-0.344844,-0.278891,0.278891,0.344844,0.410796,-72.5698,-55.8262,-40.7071,40.7071,55.8262,72.5698
AQUA_20250205T135001_vs_HYPERNETS_20250205T140000_RHOW_R.csv,THFR,Hyp,AQUA,3.6641600000000003,43.43485999999999,3.6807930000000004,43.429866999999994,1.45,5,2025-02-05T13:00:00Z,2025-02-05T12:50:01Z,10,30,2,10.7178,16.4538,NA,NA,NA,NA,NA,NA,NA,NA,NA,0.002026,0.001896,34.0266,-0.406343,-0.340266,-0.27419,0.27419,0.340266,0.406343,-71.245,-54.712,-39.7753,39.7753,54.712,71.245
AQUA_20250205T135001_vs_HYPERNETS_20250205T141500_RHOW_R.csv,THFR,Hyp,AQUA,3.6641600000000003,43.43485999999999,3.6807930000000004,43.429866999999994,1.45,5,2025-02-05T13:15:00Z,2025-02-05T12:50:01Z,25,30,2,9.5926,14.2693,NA,NA,NA,NA,NA,NA,NA,NA,NA,0.001861,0.001722,31.9404,-0.386913,-0.319404,-0.251895,0.251895,0.319404,0.386913,-65.7623,-49.9094,-35.5726,35.5726,49.9094,65.7623
AQUA_20250529T135000_vs_HYPERNETS_20250529T133000_RHOW_R.csv,THFR,Hyp,AQUA,3.6641600000000003,43.43485999999999,3.687028,43.426525000000005,2.07,5,2025-05-29T11:30:00Z,2025-05-29T11:50:00Z,20,30,7,1.2145,0.9895,0.834,1.3481,2.1791,-0.006513,-0.001964,8.5e-4,NA,FALSE,FALSE,0.00154,0.001237,20.4282,-0.158454,0.027854,0.16832,0.084344,0.232276,0.246747,-19.5794,2.7854,16.6569,8.6409,23.2276,28.8514
AQUA_20250529T135000_vs_HYPERNETS_20250529T134500_RHOW_R.csv,THFR,Hyp,AQUA,3.6641600000000003,43.43485999999999,3.687028,43.426525000000005,2.07,5,2025-05-29T11:45:00Z,2025-05-29T11:50:00Z,5,30,7,1.2095,1.0085,0.8281,1.3468,2.1904,-0.006766,-0.002075,8.1e-4,NA,FALSE,FALSE,0.001561,0.001247,19.7753,-0.173258,-0.00792,0.139582,0.069705,0.218203,0.251283,-21.7601,-0.7984,13.6867,7.2976,21.8203,29.8703
AQUA_20250529T135000_vs_HYPERNETS_20250529T140100_RHOW_R.csv,THFR,Hyp,AQUA,3.6641600000000003,43.43485999999999,3.687028,43.426525000000005,2.07,5,2025-05-29T12:01:00Z,2025-05-29T11:50:00Z,11,30,7,1.229,1.0345,0.8428,1.3661,2.2145,-0.006887,-0.002174,7.33e-4,NA,FALSE,FALSE,0.001564,0.001244,19.5612,-0.169822,-0.024488,0.124343,0.051186,0.222378,0.252425,-21.2317,-2.5102,12.0061,5.3945,22.2378,29.8286
AQUA_20250529T135000_vs_HYPERNETS_20250529T141500_RHOW_R.csv,THFR,Hyp,AQUA,3.6641600000000003,43.43485999999999,3.687028,43.426525000000005,2.07,5,2025-05-29T12:15:00Z,2025-05-29T11:50:00Z,25,30,7,1.1821,1.1246,0.8073,1.3203,2.1595,-0.007749,-0.002633,4.94e-4,NA,FALSE,FALSE,0.001695,0.001423,23.7549,-0.255958,-0.149691,-0.00545,0.147018,0.161072,0.255958,-35.0503,-17.6043,-1.5431,16.4877,17.6043,35.0503
AQUA_20250616T140500_vs_HYPERNETS_20250616T134500_RHOW_R.csv,THFR,Hyp,AQUA,3.6641600000000003,43.43485999999999,3.6896679999999997,43.429081,2.16,5,2025-06-16T11:45:00Z,2025-06-16T12:05:00Z,20,30,8,1.0923,1.6577,0.7969,1.2101,1.8374,-0.008648,-0.004319,-0.001468,NA,FALSE,TRUE,0.003254,0.002869,49.6426,-0.679889,-0.511039,-0.351654,0.351654,0.511039,0.679889,-215.5721,-106.7829,-56.8769,56.8769,106.7829,215.5721
AQUA_20250616T140500_vs_HYPERNETS_20250616T140000_RHOW_R.csv,THFR,Hyp,AQUA,3.6641600000000003,43.43485999999999,3.6896679999999997,43.429081,2.16,5,2025-06-16T12:00:00Z,2025-06-16T12:05:00Z,5,30,8,1.1119,1.7072,0.8184,1.2184,1.8139,-0.008281,-0.004239,-0.001524,NA,FALSE,TRUE,0.003125,0.002757,49.0784,-0.678996,-0.505997,-0.343298,0.343298,0.505997,0.678996,-214.0851,-104.3959,-54.7965,54.7965,104.3959,214.0851
AQUA_20250616T140500_vs_HYPERNETS_20250616T141500_RHOW_R.csv,THFR,Hyp,AQUA,3.6641600000000003,43.43485999999999,3.6896679999999997,43.429081,2.16,5,2025-06-16T12:15:00Z,2025-06-16T12:05:00Z,10,30,8,1.148,1.7132,0.8475,1.2539,1.8551,-0.008114,-0.004178,-0.001518,NA,FALSE,TRUE,0.002915,0.002516,47.2864,-0.664888,-0.489635,-0.320046,0.320046,0.489635,0.664888,-200.9084,-97.7458,-49.493,49.493,97.7458,200.9084
AQUA_20250616T140500_vs_HYPERNETS_20250616T143000_RHOW_R.csv,THFR,Hyp,AQUA,3.6641600000000003,43.43485999999999,3.6896679999999997,43.429081,2.16,5,2025-06-16T12:30:00Z,2025-06-16T12:05:00Z,25,30,8,1.1851,1.7694,0.8872,1.2772,1.8388,-0.007541,-0.004007,-0.001552,NA,FALSE,TRUE,0.002664,0.002263,45.5759,-0.652832,-0.475971,-0.298268,0.298268,0.475971,0.652832,-189.9442,-92.2296,-44.7641,44.7641,92.2296,189.9442
AQUA_20250621T140001_vs_HYPERNETS_20250621T134500_RHOW_R.csv,THFR,Hyp,AQUA,3.6641600000000003,43.43485999999999,3.686892,43.426346,2.07,5,2025-06-21T11:45:00Z,2025-06-21T12:00:01Z,15,30,8,1.1574,1.0619,0.965,1.1825,1.4491,-0.002351,-9.85e-4,1.3e-4,NA,FALSE,FALSE,6.31e-4,5.22e-4,8.8179,-0.118165,-0.035608,0.024201,0.048453,0.114217,0.120581,-13.4,-3.7291,2.3021,5.1202,11.6374,13.4
AQUA_20250621T140001_vs_HYPERNETS_20250621T140000_RHOW_R.csv,THFR,Hyp,AQUA,3.6641600000000003,43.43485999999999,3.686892,43.426346,2.07,5,2025-06-21T12:00:00Z,2025-06-21T12:00:01Z,0,30,8,1.1445,1.0696,0.9795,1.1618,1.3779,-0.001951,-8.48e-4,8.1e-5,NA,FALSE,FALSE,5.46e-4,4.47e-4,7.6649,-0.077741,-0.039156,0.007976,0.047404,0.080379,0.100678,-8.4308,-4.0905,0.6682,4.988,8.7422,10.067
AQUA_20250621T140001_vs_HYPERNETS_20250621T141500_RHOW_R.csv,THFR,Hyp,AQUA,3.6641600000000003,43.43485999999999,3.686892,43.426346,2.07,5,2025-06-21T12:15:00Z,2025-06-21T12:00:01Z,15,30,8,1.2067,1.0425,1.0221,1.2278,1.475,-0.001941,-7.65e-4,2.14e-4,NA,TRUE,FALSE,7.18e-4,4.61e-4,7.9527,-0.007248,0.039629,0.102668,0.023423,0.072151,0.112823,-0.7369,3.9272,10.1826,2.3967,7.2138,11.9149
AQUA_20250626T140001_vs_HYPERNETS_20250626T134500_RHOW_R.csv,THFR,Hyp,AQUA,3.6641600000000003,43.43485999999999,3.691236,43.425861,2.41,5,2025-06-26T11:45:00Z,2025-06-26T12:00:01Z,15,30,8,1.2108,1.1301,1.0216,1.2332,1.4886,-0.003187,-0.001383,1.12e-4,NA,TRUE,FALSE,9.54e-4,7.87e-4,11.6888,-0.074999,0.016955,0.119312,0.0535,0.109795,0.171576,-8.1361,1.6921,11.9153,5.6511,11.6722,17.2678
AQUA_20250626T140001_vs_HYPERNETS_20250626T140000_RHOW_R.csv,THFR,Hyp,AQUA,3.6641600000000003,43.43485999999999,3.691236,43.425861,2.41,5,2025-06-26T12:00:00Z,2025-06-26T12:00:01Z,0,30,8,1.2497,1.1086,1.0649,1.2698,1.5141,-0.002733,-0.00111,2.52e-4,NA,TRUE,FALSE,0.00117,8.9e-4,13.0583,0.002582,0.072957,0.171176,0.05771,0.117134,0.176737,0.245,7.2948,17.0916,5.7715,11.6429,20.0916
AQUA_20250626T140001_vs_HYPERNETS_20250626T141500_RHOW_R.csv,THFR,Hyp,AQUA,3.6641600000000003,43.43485999999999,3.691236,43.425861,2.41,5,2025-06-26T12:15:00Z,2025-06-26T12:00:01Z,15,30,8,1.2738,1.129,1.0942,1.292,1.5255,-0.002753,-0.00121,9.7e-5,NA,TRUE,FALSE,0.001207,9.06e-4,12.966,0.013085,0.064669,0.183313,0.045817,0.113965,0.183313,1.2884,6.4603,18.3104,4.5745,12.2452,18.924
AQUA_20250626T140001_vs_HYPERNETS_20250626T143000_RHOW_R.csv,THFR,Hyp,AQUA,3.6641600000000003,43.43485999999999,3.691236,43.425861,2.41,5,2025-06-26T12:30:00Z,2025-06-26T12:00:01Z,30,30,8,1.287,1.0765,1.1415,1.2978,1.4755,-0.001734,-6.43e-4,3.18e-4,NA,TRUE,FALSE,0.001501,0.001187,17.7516,0.108635,0.146428,0.233117,0.108635,0.146428,0.233117,10.8559,14.6305,23.2824,10.8559,14.6305,23.2824
AQUA_20250711T135001_vs_HYPERNETS_20250711T133000_RHOW_R.csv,THFR,Hyp,AQUA,3.6641600000000003,43.43485999999999,3.6884970000000004,43.422951000000005,2.37,5,2025-07-11T11:30:00Z,2025-07-11T11:50:01Z,20,30,8,1.2927,1.3722,0.9378,1.444,2.2236,-0.008644,-0.003669,-4.38e-4,NA,FALSE,TRUE,0.002001,0.001602,27.7945,-0.355307,-0.079524,0.119955,0.122895,0.170453,0.355307,-55.229,-9.045,11.9952,12.2892,18.5444,55.229
AQUA_20250711T135001_vs_HYPERNETS_20250711T134500_RHOW_R.csv,THFR,Hyp,AQUA,3.6641600000000003,43.43485999999999,3.6884970000000004,43.422951000000005,2.37,5,2025-07-11T11:45:00Z,2025-07-11T11:50:01Z,5,30,8,1.3131,1.5003,0.9687,1.4355,2.1272,-0.008017,-0.003606,-6.3e-4,NA,FALSE,TRUE,0.001896,0.001521,26.986,-0.34456,-0.095043,0.111427,0.11326,0.143695,0.34456,-52.6548,-10.7334,11.1426,11.3258,15.7361,52.6548
AQUA_20250711T135001_vs_HYPERNETS_20250711T140000_RHOW_R.csv,THFR,Hyp,AQUA,3.6641600000000003,43.43485999999999,3.6884970000000004,43.422951000000005,2.37,5,2025-07-11T12:00:00Z,2025-07-11T11:50:01Z,10,30,8,1.3308,1.4425,0.9921,1.4395,2.0886,-0.006821,-0.002977,-3.28e-4,NA,FALSE,TRUE,0.001695,0.001426,27.7474,-0.282469,-0.006128,0.159531,0.141939,0.20987,0.282469,-39.4079,-1.0079,15.9528,14.4101,20.8996,39.4079
AQUA_20250711T135001_vs_HYPERNETS_20250711T141500_RHOW_R.csv,THFR,Hyp,AQUA,3.6641600000000003,43.43485999999999,3.6884970000000004,43.422951000000005,2.37,5,2025-07-11T12:15:00Z,2025-07-11T11:50:01Z,25,30,8,1.1591,1.5055,0.8898,1.2263,1.69,-0.005557,-0.00251,-3e-4,NA,FALSE,TRUE,0.001659,0.001191,24.028,-0.324121,-0.11359,0.003397,0.056115,0.137269,0.324121,-47.9873,-12.9762,0.3314,5.9453,15.2048,47.9873
AQUA_20250714T141001_vs_HYPERNETS_20250714T134500_RHOW_C.csv,THFR,Hyp,AQUA,3.6641600000000003,43.43485999999999,3.6871610000000006,43.430553,1.92,5,2025-07-14T11:45:00Z,2025-07-14T12:10:01Z,25,30,8,0.9621,1.4593,0.763,1.0005,1.312,-0.004354,-0.002095,-3.72e-4,NA,FALSE,TRUE,0.002306,0.002091,33.3791,-0.445367,-0.277133,-0.164098,0.164098,0.277133,0.445367,-80.3384,-38.485,-19.6361,19.6361,38.485,80.3384
AQUA_20250714T141001_vs_HYPERNETS_20250714T140000_RHOW_C.csv,THFR,Hyp,AQUA,3.6641600000000003,43.43485999999999,3.6871610000000006,43.430553,1.92,5,2025-07-14T12:00:00Z,2025-07-14T12:10:01Z,10,30,8,0.9347,1.4126,0.7419,0.9718,1.2729,-0.004031,-0.001856,-1.96e-4,NA,FALSE,TRUE,0.002285,0.00206,32.7371,-0.439668,-0.266782,-0.173446,0.173446,0.266782,0.439668,-78.4899,-36.6273,-20.9918,20.9918,36.6273,78.4899
AQUA_20250714T141001_vs_HYPERNETS_20250714T141500_RHOW_C.csv,THFR,Hyp,AQUA,3.6641600000000003,43.43485999999999,3.6871610000000006,43.430553,1.92,5,2025-07-14T12:15:00Z,2025-07-14T12:10:01Z,5,30,8,0.9342,1.4585,0.7508,0.9661,1.2432,-0.00391,-0.001888,-3.17e-4,NA,FALSE,TRUE,0.002327,0.002135,33.8492,-0.441593,-0.28781,-0.180344,0.180344,0.28781,0.441593,-79.0947,-40.5571,-22.0104,22.0104,40.5571,79.0947
AQUA_20250714T141001_vs_HYPERNETS_20250714T143000_RHOW_C.csv,THFR,Hyp,AQUA,3.6641600000000003,43.43485999999999,3.6871610000000006,43.430553,1.92,5,2025-07-14T12:30:00Z,2025-07-14T12:10:01Z,20,30,8,0.949,1.4926,0.775,0.9758,1.2286,-0.003645,-0.001833,-3.94e-4,NA,FALSE,TRUE,0.002174,0.002007,33.0016,-0.424752,-0.281391,-0.170613,0.170613,0.281391,0.424752,-73.8481,-39.2218,-20.5831,20.5831,39.2218,73.8481
AQUA_20250716T135000_vs_HYPERNETS_20250716T133000_RHOW_R.csv,THFR,Hyp,AQUA,3.6641600000000003,43.43485999999999,3.690033,43.41904099999999,2.73,5,2025-07-16T11:30:00Z,2025-07-16T11:50:00Z,20,30,8,1.2243,0.8494,0.913,1.3239,1.9197,-0.003686,4.82e-4,0.003356,NA,FALSE,FALSE,0.003219,0.003063,50.9071,0.332638,0.390044,0.523414,0.332638,0.390044,0.523414,33.2558,39.0041,50.9279,36.0126,39.0041,50.9279
AQUA_20250716T135000_vs_HYPERNETS_20250716T134500_RHOW_R.csv,THFR,Hyp,AQUA,3.6641600000000003,43.43485999999999,3.690033,43.41904099999999,2.73,5,2025-07-16T11:45:00Z,2025-07-16T11:50:00Z,5,30,8,1.2473,0.8367,0.9286,1.3509,1.9653,-0.003618,5.59e-4,0.00343,NA,FALSE,FALSE,0.003407,0.003228,54.9978,0.368206,0.429258,0.573922,0.368206,0.429258,0.573922,36.8103,42.9257,55.824,36.8103,42.9257,55.824
AQUA_20250716T135000_vs_HYPERNETS_20250716T140000_RHOW_R.csv,THFR,Hyp,AQUA,3.6641600000000003,43.43485999999999,3.690033,43.41904099999999,2.73,5,2025-07-16T12:00:00Z,2025-07-16T11:50:00Z,10,30,8,1.2548,0.8447,0.9442,1.3466,1.9206,-0.003047,7.75e-4,0.003455,NA,FALSE,FALSE,0.003497,0.003297,56.9965,0.412232,0.448552,0.610745,0.412232,0.448552,0.610745,41.1798,44.8541,59.5267,41.1798,44.8541,59.5267
AQUA_20250716T135000_vs_HYPERNETS_20250716T141500_RHOW_R.csv,THFR,Hyp,AQUA,3.6641600000000003,43.43485999999999,3.690033,43.41904099999999,2.73,5,2025-07-16T12:15:00Z,2025-07-16T11:50:00Z,25,30,8,1.2687,0.8817,0.9548,1.3613,1.9408,-0.003483,4.66e-4,0.003236,NA,FALSE,FALSE,0.003367,0.003189,53.0154,0.38163,0.42926,0.561641,0.38163,0.42926,0.561641,38.1395,42.926,54.939,38.1395,42.926,54.939
AQUA_20250803T140000_vs_HYPERNETS_20250803T133000_RHOW_R.csv,THFR,Hyp,AQUA,3.6641600000000003,43.43485999999999,3.6888110000000003,43.427868,2.14,5,2025-08-03T11:30:00Z,2025-08-03T12:00:00Z,30,30,6,0.9174,1.0909,0.539,1.1271,2.3568,-0.009976,-0.002883,5.08e-4,NA,FALSE,FALSE,0.002759,0.00215,42.0091,-0.552373,-0.434628,-0.211481,0.211481,0.434628,0.552373,-124.8864,-77.0448,-28.3578,28.3578,77.0448,124.8864
AQUA_20250803T140000_vs_HYPERNETS_20250803T134500_RHOW_R.csv,THFR,Hyp,AQUA,3.6641600000000003,43.43485999999999,3.6888110000000003,43.427868,2.14,5,2025-08-03T11:45:00Z,2025-08-03T12:00:00Z,15,30,6,0.9265,1.094,0.5442,1.1393,2.385,-0.010029,-0.002901,5.03e-4,NA,FALSE,FALSE,0.002723,0.002104,41.5704,-0.549997,-0.431926,-0.203953,0.203953,0.431926,0.549997,-123.6029,-76.2446,-27.1422,27.1422,76.2446,123.6029
AQUA_20250803T140000_vs_HYPERNETS_20250803T140000_RHOW_R.csv,THFR,Hyp,AQUA,3.6641600000000003,43.43485999999999,3.6888110000000003,43.427868,2.14,5,2025-08-03T12:00:00Z,2025-08-03T12:00:00Z,0,30,6,0.9864,1.1031,0.5832,1.1865,2.4137,-0.009388,-0.002776,4.75e-4,NA,FALSE,FALSE,0.002414,0.001771,38.0829,-0.519325,-0.390515,-0.159741,0.159741,0.390515,0.519325,-109.2839,-64.3343,-20.2417,20.2417,64.3343,109.2839
AQUA_20250803T140000_vs_HYPERNETS_20250803T141500_RHOW_R.csv,THFR,Hyp,AQUA,3.6641600000000003,43.43485999999999,3.6888110000000003,43.427868,2.14,5,2025-08-03T12:15:00Z,2025-08-03T12:00:00Z,15,30,6,0.9906,1.1244,0.5834,1.2062,2.4941,-0.009945,-0.002942,4.45e-4,NA,FALSE,FALSE,0.002481,0.001821,38.8411,-0.528362,-0.412489,-0.165786,0.165786,0.412489,0.528362,-113.0595,-70.4702,-21.3931,21.3931,70.4702,113.0595
AQUA_20250803T140000_vs_HYPERNETS_20250803T143000_RHOW_R.csv,THFR,Hyp,AQUA,3.6641600000000003,43.43485999999999,3.6888110000000003,43.427868,2.14,5,2025-08-03T12:30:00Z,2025-08-03T12:00:00Z,30,30,6,0.9949,1.1235,0.5842,1.225,2.5687,-0.010289,-0.003015,4.54e-4,NA,FALSE,FALSE,0.002489,0.001808,38.6657,-0.530303,-0.413945,-0.157963,0.157963,0.413945,0.530303,-113.8491,-70.9761,-20.305,20.305,70.9761,113.8491
AQUA_20250811T141501_vs_HYPERNETS_20250811T140000_RHOW_R.csv,THFR,Hyp,AQUA,3.6641600000000003,43.43485999999999,3.677884,43.427502000000004,1.38,5,2025-08-11T12:00:00Z,2025-08-11T12:15:01Z,15,30,8,1.2776,1.2726,1.0588,1.3075,1.6147,-0.002625,-0.001072,1.86e-4,NA,TRUE,FALSE,9.9e-4,7.57e-4,16.2311,-0.035773,0.046557,0.201378,0.070968,0.148342,0.241575,-3.7839,4.5671,20.137,7.0531,15.2768,24.1858
AQUA_20250811T141501_vs_HYPERNETS_20250811T141500_RHOW_R.csv,THFR,Hyp,AQUA,3.6641600000000003,43.43485999999999,3.677884,43.427502000000004,1.38,5,2025-08-11T12:15:00Z,2025-08-11T12:15:01Z,0,30,8,1.2271,1.2678,1.0245,1.2532,1.5329,-0.002585,-0.001102,1.1e-4,NA,TRUE,FALSE,8.18e-4,6.8e-4,14.5046,-0.07154,-0.01132,0.151173,0.054195,0.131865,0.181718,-7.7457,-1.2064,15.1164,5.7314,13.9322,18.1077
AQUA_20250811T141501_vs_HYPERNETS_20250811T143000_RHOW_R.csv,THFR,Hyp,AQUA,3.6641600000000003,43.43485999999999,3.677884,43.427502000000004,1.38,5,2025-08-11T12:30:00Z,2025-08-11T12:15:01Z,15,30,8,1.1893,1.2393,0.9707,1.2231,1.541,-0.002485,-8.29e-4,4.85e-4,NA,FALSE,FALSE,8.7e-4,7.27e-4,16.9443,-0.067158,0.04095,0.136728,0.081946,0.137401,0.20671,-7.3228,3.9529,13.6693,8.2167,14.1845,22.3177
AQUA_20250811T141501_vs_HYPERNETS_20250811T144500_RHOW_R.csv,THFR,Hyp,AQUA,3.6641600000000003,43.43485999999999,3.677884,43.427502000000004,1.38,5,2025-08-11T12:45:00Z,2025-08-11T12:15:01Z,30,30,8,1.2369,1.2243,1.005,1.2741,1.6152,-0.002424,-7.42e-4,5.85e-4,NA,TRUE,FALSE,0.001064,8.57e-4,19.7688,-0.015967,0.105674,0.190509,0.091259,0.175874,0.238451,-1.7739,10.3966,19.0466,10.0364,17.5842,27.3448
AQUA_20250813T135501_vs_HYPERNETS_20250813T133000_RHOW_C.csv,THFR,Hyp,AQUA,3.6641600000000003,43.43485999999999,3.685789,43.422043,2.26,5,2025-08-13T11:30:00Z,2025-08-13T11:55:01Z,25,30,8,1.3349,0.8028,1.1063,1.3661,1.6869,-0.001315,4.54e-4,0.001886,NA,TRUE,FALSE,0.002685,0.002472,50.4042,0.313196,0.457852,0.558135,0.313196,0.457852,0.558135,31.3181,45.7807,55.4605,31.3181,45.7807,55.4605
AQUA_20250813T135501_vs_HYPERNETS_20250813T134500_RHOW_C.csv,THFR,Hyp,AQUA,3.6641600000000003,43.43485999999999,3.685789,43.422043,2.26,5,2025-08-13T11:45:00Z,2025-08-13T11:55:01Z,10,30,8,1.4376,0.7886,1.2267,1.4603,1.7383,-5.87e-4,7.84e-4,0.001936,NA,TRUE,FALSE,0.003253,0.003053,69.3366,0.4824,0.612231,0.749688,0.4824,0.612231,0.749688,48.2397,61.2101,74.5018,48.2397,61.2101,74.5018
AQUA_20250813T135501_vs_HYPERNETS_20250813T140000_RHOW_C.csv,THFR,Hyp,AQUA,3.6641600000000003,43.43485999999999,3.685789,43.422043,2.26,5,2025-08-13T12:00:00Z,2025-08-13T11:55:01Z,5,30,8,1.3521,0.8063,1.1536,1.3734,1.635,-7.1e-4,6.81e-4,0.001849,NA,TRUE,FALSE,0.002849,0.002666,56.1316,0.387224,0.505818,0.608178,0.387224,0.505818,0.608178,38.7163,50.5703,60.4628,38.7163,50.5703,60.4628
AQUA_20250813T135501_vs_HYPERNETS_20250813T141500_RHOW_C.csv,THFR,Hyp,AQUA,3.6641600000000003,43.43485999999999,3.685789,43.422043,2.26,5,2025-08-13T12:15:00Z,2025-08-13T11:55:01Z,20,30,8,1.3496,0.8017,1.1625,1.368,1.6099,-4.85e-4,7.88e-4,0.001869,NA,TRUE,FALSE,0.002895,0.002724,58.1873,0.421434,0.508437,0.638718,0.421434,0.508437,0.638718,42.1281,50.8279,63.5593,42.1281,50.8279,63.5593
AQUA_20250905T140500_vs_HYPERNETS_20250905T134500_RHOW_R.csv,THFR,Hyp,AQUA,3.6641600000000003,43.43485999999999,3.6876670000000003,43.418438,2.64,5,2025-09-05T11:45:00Z,2025-09-05T12:05:00Z,20,30,6,0.9637,1.4883,0.6021,1.0731,1.9126,-0.00854,-0.003258,-2.95e-4,NA,FALSE,TRUE,0.003063,0.002798,50.9908,-0.611419,-0.569616,-0.306454,0.306454,0.569616,0.611419,-157.4381,-132.7036,-47.7158,47.7158,132.7036,157.4381
AQUA_20250905T140500_vs_HYPERNETS_20250905T140000_RHOW_R.csv,THFR,Hyp,AQUA,3.6641600000000003,43.43485999999999,3.6876670000000003,43.418438,2.64,5,2025-09-05T12:00:00Z,2025-09-05T12:05:00Z,5,30,6,0.9309,1.4517,0.5752,1.047,1.9057,-0.008792,-0.003256,-2.15e-4,NA,FALSE,TRUE,0.003229,0.002953,51.9808,-0.623045,-0.575063,-0.319171,0.319171,0.575063,0.623045,-165.3669,-135.9773,-50.1157,50.1157,135.9773,165.3669
AQUA_20250905T140500_vs_HYPERNETS_20250905T141500_RHOW_R.csv,THFR,Hyp,AQUA,3.6641600000000003,43.43485999999999,3.6876670000000003,43.418438,2.64,5,2025-09-05T12:15:00Z,2025-09-05T12:05:00Z,10,30,6,0.9565,1.5217,0.6007,1.0605,1.872,-0.008532,-0.003319,-3.66e-4,NA,FALSE,TRUE,0.003176,0.00293,52.1148,-0.622256,-0.580707,-0.321759,0.321759,0.580707,0.622256,-164.8935,-138.7221,-51.2837,51.2837,138.7221,164.8935
AQUA_20250905T140500_vs_HYPERNETS_20250905T143000_RHOW_R.csv,THFR,Hyp,AQUA,3.6641600000000003,43.43485999999999,3.6876670000000003,43.418438,2.64,5,2025-09-05T12:30:00Z,2025-09-05T12:05:00Z,25,30,6,0.9749,1.6322,0.628,1.0615,1.7941,-0.008216,-0.003434,-6.05e-4,NA,FALSE,TRUE,0.003233,0.003033,53.2496,-0.633731,-0.595261,-0.336236,0.336236,0.595261,0.633731,-173.4351,-147.0794,-55.4192,55.4192,147.0794,173.4351
AQUA_20250910T140001_vs_HYPERNETS_20250910T141500_RHOW_R.csv,THFR,Hyp,AQUA,3.6641600000000003,43.43485999999999,3.692777,43.420788,2.79,5,2025-09-10T12:15:00Z,2025-09-10T12:00:01Z,15,30,8,1.6356,1.2773,1.3654,1.6704,2.0436,-0.002548,-0.001136,1.9e-5,NA,TRUE,FALSE,0.00201,0.001551,37.7708,0.252907,0.34011,0.458316,0.315555,0.362702,0.458316,25.1003,34.0006,45.7651,31.5484,39.4179,54.5743
AQUA_20250910T140001_vs_HYPERNETS_20250910T143000_RHOW_R.csv,THFR,Hyp,AQUA,3.6641600000000003,43.43485999999999,3.692777,43.420788,2.79,5,2025-09-10T12:30:00Z,2025-09-10T12:00:01Z,30,30,8,2.7913,1.2578,2.3296,2.8509,3.489,-0.002563,-0.001145,1.3e-5,NA,TRUE,FALSE,0.003696,0.002967,119.0193,1.0628,1.307136,1.4229,1.0628,1.307136,1.4229,106.1229,130.678,141.9651,106.1229,130.678,141.9651
AQUA_20250915T135501_vs_HYPERNETS_20250915T133000_RHOW_R.csv,THFR,Hyp,AQUA,3.6641600000000003,43.43485999999999,3.681036,43.425983,1.68,5,2025-09-15T11:30:00Z,2025-09-15T11:55:01Z,25,30,7,0.8621,0.7748,0.5805,0.9818,1.6604,-0.004279,-7.98e-4,0.001261,NA,FALSE,FALSE,0.001398,0.001136,24.8908,-0.336857,-0.080543,0.061805,0.12247,0.21064,0.336857,-51.5622,-8.7599,5.6837,12.5343,21.064,51.5622
AQUA_20250915T135501_vs_HYPERNETS_20250915T134500_RHOW_R.csv,THFR,Hyp,AQUA,3.6641600000000003,43.43485999999999,3.681036,43.425983,1.68,5,2025-09-15T11:45:00Z,2025-09-15T11:55:01Z,10,30,7,0.8782,0.8034,0.5946,0.9919,1.6549,-0.004228,-8.36e-4,0.001197,NA,FALSE,FALSE,0.00136,0.001096,23.9043,-0.333317,-0.077259,0.048128,0.105917,0.192756,0.333317,-50.7266,-8.3728,4.4557,10.886,19.2756,50.7266
AQUA_20250915T135501_vs_HYPERNETS_20250915T140000_RHOW_R.csv,THFR,Hyp,AQUA,3.6641600000000003,43.43485999999999,3.681036,43.425983,1.68,5,2025-09-15T12:00:00Z,2025-09-15T11:55:01Z,5,30,7,0.9062,0.88,0.6259,0.9998,1.5972,-0.003994,-9.15e-4,0.001012,NA,FALSE,FALSE,0.001309,0.001041,21.7131,-0.326586,-0.088298,-0.004908,0.068139,0.141672,0.326586,-49.1421,-9.685,-0.5875,7.3373,14.1672,49.1421
AQUA_20250915T135501_vs_HYPERNETS_20250915T141500_RHOW_R.csv,THFR,Hyp,AQUA,3.6641600000000003,43.43485999999999,3.681036,43.425983,1.68,5,2025-09-15T12:15:00Z,2025-09-15T11:55:01Z,20,30,7,0.9355,0.9171,0.6557,1.0187,1.5827,-0.003762,-9.11e-4,9.24e-4,NA,FALSE,FALSE,0.00119,9.32e-4,20.2747,-0.307765,-0.075749,-0.006169,0.054173,0.147456,0.307765,-45.0066,-8.1957,-0.6563,5.7551,14.7456,45.0066
AQUA_20250918T141501_vs_HYPERNETS_20250918T140000_RHOW_R.csv,THFR,Hyp,AQUA,3.6641600000000003,43.43485999999999,3.690564,43.424999,2.4,5,2025-09-18T12:00:00Z,2025-09-18T12:15:01Z,15,30,5,0.545,0.8918,0.2859,0.6123,1.3114,-0.006068,-8.04e-4,0.001654,NA,FALSE,FALSE,0.004196,0.003724,48.9126,-0.454383,-0.448153,-0.409303,0.409303,0.448153,0.454383,-83.2788,-81.2097,-69.2914,69.2914,81.2097,83.2788
AQUA_20250918T141501_vs_HYPERNETS_20250918T141500_RHOW_R.csv,THFR,Hyp,AQUA,3.6641600000000003,43.43485999999999,3.690564,43.424999,2.4,5,2025-09-18T12:15:00Z,2025-09-18T12:15:01Z,0,30,5,0.5494,0.902,0.2907,0.6138,1.296,-0.005947,-8.13e-4,0.001619,NA,FALSE,FALSE,0.004179,0.0037200000000000002,49.023,-0.463395,-0.447285,-0.408909,0.408909,0.447285,0.463395,-86.3569,-80.9251,-69.1787,69.1787,80.9251,86.3569
AQUA_20250918T141501_vs_HYPERNETS_20250918T143000_RHOW_R.csv,THFR,Hyp,AQUA,3.6641600000000003,43.43485999999999,3.690564,43.424999,2.4,5,2025-09-18T12:30:00Z,2025-09-18T12:15:01Z,15,30,5,0.571,0.8506,0.3072,0.6314,1.2978,-0.005195,-5.73e-4,0.001676,NA,FALSE,FALSE,0.0036,0.003129,43.589,-0.413038,-0.378502,-0.373346,0.373346,0.378502,0.413038,-70.3687,-60.9016,-59.5777,59.5777,60.9016,70.3687
AQUA_20250918T141501_vs_HYPERNETS_20250918T144500_RHOW_R.csv,THFR,Hyp,AQUA,3.6641600000000003,43.43485999999999,3.690564,43.424999,2.4,5,2025-09-18T12:45:00Z,2025-09-18T12:15:01Z,30,30,5,0.573,0.9238,0.3077,0.6343,1.3078,-0.005785,-8.46e-4,0.00155,NA,FALSE,FALSE,0.003947,0.003528,47.9891,-0.465863,-0.432214,-0.395259,0.395259,0.432214,0.465863,-87.2179,-76.1227,-65.3601,65.3601,76.1227,87.2179
AQUA_20251005T134500_vs_HYPERNETS_20251005T131500_RHOW_C.csv,THFR,Hyp,AQUA,3.6641600000000003,43.43485999999999,3.679727,43.429008,1.42,5,2025-10-05T11:15:00Z,2025-10-05T11:45:00Z,30,30,8,0.9135,0.9982,0.7291,0.9474,1.2311,-0.002295,-5.24e-4,8.39e-4,NA,FALSE,FALSE,0.001175,0.001009,18.9702,-0.190507,-0.114879,-0.046908,0.086493,0.154149,0.220081,-23.6452,-13.0151,-5.0004,9.4753,18.2477,23.9641
AQUA_20251005T134500_vs_HYPERNETS_20251005T133000_RHOW_C.csv,THFR,Hyp,AQUA,3.6641600000000003,43.43485999999999,3.679727,43.429008,1.42,5,2025-10-05T11:30:00Z,2025-10-05T11:45:00Z,15,30,8,0.9197,1.0206,0.7479,0.9471,1.1993,-0.001985,-4.34e-4,7.91e-4,NA,FALSE,FALSE,0.001053,8.97e-4,17.2675,-0.182162,-0.093407,-0.045877,0.079907,0.133147,0.205246,-22.3548,-10.307,-4.8549,8.6911,15.3466,22.3548
AQUA_20251005T134500_vs_HYPERNETS_20251005T134500_RHOW_C.csv,THFR,Hyp,AQUA,3.6641600000000003,43.43485999999999,3.679727,43.429008,1.42,5,2025-10-05T11:45:00Z,2025-10-05T11:45:00Z,0,30,8,0.9396,1.0208,0.7766,0.9624,1.1925,-0.001637,-2.81e-4,8.14e-4,NA,FALSE,FALSE,8.21e-4,6.84e-4,15.0151,-0.149413,-0.04671,-0.012285,0.043868,0.097546,0.200425,-17.6211,-4.911,-1.3041,4.413,10.9022,22.4825
AQUA_20251005T134500_vs_HYPERNETS_20251005T140000_RHOW_C.csv,THFR,Hyp,AQUA,3.6641600000000003,43.43485999999999,3.679727,43.429008,1.42,5,2025-10-05T12:00:00Z,2025-10-05T11:45:00Z,15,30,8,0.9349,1.0345,0.7784,0.9556,1.1731,-0.00159,-2.96e-4,7.59e-4,NA,FALSE,FALSE,8.41e-4,7.06e-4,14.731,-0.15356,-0.056569,-0.024428,0.04366,0.103322,0.187454,-18.2031,-6.0047,-2.5477,4.5655,11.6064,19.963
AQUA_20251005T134500_vs_HYPERNETS_20251005T141500_RHOW_C.csv,THFR,Hyp,AQUA,3.6641600000000003,43.43485999999999,3.679727,43.429008,1.42,5,2025-10-05T12:15:00Z,2025-10-05T11:45:00Z,30,30,8,0.946,1.0239,0.7927,0.9652,1.1752,-0.001417,-2e-4,7.99e-4,NA,FALSE,FALSE,7.18e-4,5.89e-4,13.6588,-0.132752,-0.038175,0.01041,0.045223,0.086674,0.187042,-15.3556,-3.9802,1.009,4.7276,9.4028,21.5135
AQUA_20251006T142001_vs_HYPERNETS_20251006T140000_RHOW_R.csv,THFR,Hyp,AQUA,3.6641600000000003,43.43485999999999,3.6768769999999997,43.430943,1.12,5,2025-10-06T12:00:00Z,2025-10-06T12:20:01Z,20,30,3,0.8512,2.4751,0.1625,0.8694,4.6516,-0.029132,-0.002018,0.003049,NA,FALSE,FALSE,0.003058,0.002955,54.0984,-0.677129,-0.43656,-0.352627,0.352627,0.43656,0.677129,-364.3777,-77.4813,-55.7854,55.7854,77.4813,364.3777
AQUA_20251006T142001_vs_HYPERNETS_20251006T141500_RHOW_R.csv,THFR,Hyp,AQUA,3.6641600000000003,43.43485999999999,3.6768769999999997,43.430943,1.12,5,2025-10-06T12:15:00Z,2025-10-06T12:20:01Z,5,30,3,0.8776,2.5507,0.1686,0.896,4.761,-0.029522,-0.002135,0.003019,NA,FALSE,FALSE,0.002961,0.002872,53.4591,-0.673478,-0.427214,-0.342015,0.342015,0.427214,0.673478,-366.4016,-74.5852,-53.2694,53.2694,74.5852,366.4016
AQUA_20251006T142001_vs_HYPERNETS_20251006T143000_RHOW_R.csv,THFR,Hyp,AQUA,3.6641600000000003,43.43485999999999,3.6768769999999997,43.430943,1.12,5,2025-10-06T12:30:00Z,2025-10-06T12:20:01Z,10,30,3,0.9067,2.487,0.1855,0.9232,4.5956,-0.026858,-0.002028,0.00296,NA,FALSE,FALSE,0.002625,0.002547,51.3423,-0.655614,-0.397983,-0.313511,0.313511,0.397983,0.655614,-337.5729,-66.1082,-46.7843,46.7843,66.1082,337.5729
AQUA_20251006T142001_vs_HYPERNETS_20251006T144500_RHOW_R.csv,THFR,Hyp,AQUA,3.6641600000000003,43.43485999999999,3.6768769999999997,43.430943,1.12,5,2025-10-06T12:45:00Z,2025-10-06T12:20:01Z,25,30,3,0.9416,2.556,0.1937,0.9585,4.7434,-0.027203,-0.002134,0.002931,NA,FALSE,FALSE,0.002479,0.002409,50.2275,-0.648593,-0.382842,-0.29624,0.29624,0.382842,0.648593,-334.9346,-62.0331,-43.1821,43.1821,62.0331,334.9346
AQUA_20251008T140000_vs_HYPERNETS_20251008T133000_RHOW_R.csv,THFR,Hyp,AQUA,3.6641600000000003,43.43485999999999,3.691894,43.428829,2.34,5,2025-10-08T11:30:00Z,2025-10-08T12:00:00Z,30,30,3,2.3291,9.4539,2.2826,2.3291,2.3765,-0.024003,-0.023431,-0.02287,NA,TRUE,TRUE,0.007558,0.007395,63.2683,-0.722449,-0.528016,-0.490583,0.490583,0.528016,0.722449,-404.8813,-111.8716,-96.835,96.835,111.8716,404.8813
AQUA_20251008T140000_vs_HYPERNETS_20251008T134500_RHOW_R.csv,THFR,Hyp,AQUA,3.6641600000000003,43.43485999999999,3.691894,43.428829,2.34,5,2025-10-08T11:45:00Z,2025-10-08T12:00:00Z,15,30,3,2.1388,8.3233,1.6446,2.1392,2.7826,-0.027689,-0.020207,-0.014455,NA,TRUE,TRUE,0.00711,0.006959,62.118,-0.711796,-0.511543,-0.475746,0.475746,0.511543,0.711796,-382.4633,-104.7265,-91.1934,91.1934,104.7265,382.4633
AQUA_20251008T140000_vs_HYPERNETS_20251008T140000_RHOW_R.csv,THFR,Hyp,AQUA,3.6641600000000003,43.43485999999999,3.691894,43.428829,2.34,5,2025-10-08T12:00:00Z,2025-10-08T12:00:00Z,0,30,3,2.2354,8.8888,1.7186,2.2359,2.9088,-0.029805,-0.021829,-0.015699,NA,TRUE,TRUE,0.007339,0.007182,62.7102,-0.717002,-0.519364,-0.483333,0.483333,0.519364,0.717002,-393.7031,-108.0575,-94.0207,94.0207,108.0575,393.7031
AQUA_20251008T140000_vs_HYPERNETS_20251008T141500_RHOW_R.csv,THFR,Hyp,AQUA,3.6641600000000003,43.43485999999999,3.691894,43.428829,2.34,5,2025-10-08T12:15:00Z,2025-10-08T12:00:00Z,15,30,3,2.2318,8.4227,1.9032,2.232,2.6176,-0.024832,-0.020486,-0.01678,NA,TRUE,TRUE,0.006771,0.0066,60.893,-0.702874,-0.496343,-0.458692,0.458692,0.496343,0.702874,-368.1465,-98.5479,-85.1861,85.1861,98.5479,368.1465
AQUA_20251008T140000_vs_HYPERNETS_20251008T143000_RHOW_R.csv,THFR,Hyp,AQUA,3.6641600000000003,43.43485999999999,3.691894,43.428829,2.34,5,2025-10-08T12:30:00Z,2025-10-08T12:00:00Z,30,30,3,2.3041,8.1806,2.2744,2.3041,2.3342,-0.020106,-0.019787,-0.019472,NA,TRUE,TRUE,0.006143,0.005944,58.5388,-0.685036,-0.466799,-0.426446,0.426446,0.466799,0.685036,-340.3337,-87.5467,-74.7846,74.7846,87.5467,340.3337
AQUA_20251018T135501_vs_HYPERNETS_20251018T133000_RHOW_R.csv,THFR,Hyp,AQUA,3.6641600000000003,43.43485999999999,3.686728,43.425499,2.1,5,2025-10-18T11:30:00Z,2025-10-18T11:55:01Z,25,30,3,2.176,11.2727,1.5914,2.1767,2.9771,-0.023633,-0.016285,-0.010913,NA,TRUE,TRUE,0.005645,0.005483,62.7388,-0.730546,-0.492515,-0.456793,0.456793,0.492515,0.730546,-691.8982,-97.0502,-84.4911,84.4911,97.0502,691.8982
AQUA_20251018T135501_vs_HYPERNETS_20251018T134500_RHOW_R.csv,THFR,Hyp,AQUA,3.6641600000000003,43.43485999999999,3.686728,43.425499,2.1,5,2025-10-18T11:45:00Z,2025-10-18T11:55:01Z,10,30,3,2.1416,10.8739,1.4707,2.1426,3.1213,-0.024438,-0.015616,-0.00956,NA,TRUE,TRUE,0.005479,0.005317,62.1443,-0.72573,-0.483687,-0.448279,0.448279,0.483687,0.72573,-675.2347,-93.6808,-81.6253,81.6253,93.6808,675.2347
AQUA_20251018T135501_vs_HYPERNETS_20251018T140000_RHOW_R.csv,THFR,Hyp,AQUA,3.6641600000000003,43.43485999999999,3.686728,43.425499,2.1,5,2025-10-18T12:00:00Z,2025-10-18T11:55:01Z,5,30,3,2.17,10.8634,1.5602,2.1708,3.0203,-0.023145,-0.015595,-0.010169,NA,TRUE,TRUE,0.00536,0.005191,61.6103,-0.722001,-0.476701,-0.440504,0.440504,0.476701,0.722001,-664.4752,-91.0954,-79.1075,79.1075,91.0954,664.4752
AQUA_20251018T135501_vs_HYPERNETS_20251018T141500_RHOW_R.csv,THFR,Hyp,AQUA,3.6641600000000003,43.43485999999999,3.686728,43.425499,2.1,5,2025-10-18T12:15:00Z,2025-10-18T11:55:01Z,20,30,3,2.1985,11.0285,2.0564,2.1986,2.3506,-0.017215,-0.015862,-0.014597,NA,TRUE,TRUE,0.005372,0.005199,61.6157,-0.722994,-0.478584,-0.440534,0.440534,0.478584,0.722994,-667.0466,-91.7854,-79.1566,79.1566,91.7854,667.0466
AQUA_20251023T135000_vs_HYPERNETS_20251023T133000_RHOW_R.csv,THFR,Hyp,AQUA,3.6641600000000003,43.43485999999999,3.682508,43.428234,1.66,5,2025-10-23T11:30:00Z,2025-10-23T11:50:00Z,20,30,3,1.2527,5.9122,0.953,1.253,1.6475,-0.01637,-0.011653,-0.008065,NA,FALSE,TRUE,0.008633,0.008627,73.3568,-0.783731,-0.676141,-0.654691,0.654691,0.676141,0.783731,-433.0282,-208.7765,-190.1562,190.1562,208.7765,433.0282
AQUA_20251023T135000_vs_HYPERNETS_20251023T134500_RHOW_R.csv,THFR,Hyp,AQUA,3.6641600000000003,43.43485999999999,3.682508,43.428234,1.66,5,2025-10-23T11:45:00Z,2025-10-23T11:50:00Z,5,30,3,1.2819,5.935,0.8085,1.2828,2.0353,-0.020534,-0.011711,-0.00615,NA,FALSE,TRUE,0.008403,0.008395,72.8255,-0.779775,-0.670356,-0.647785,0.647785,0.670356,0.779775,-423.2353,-203.3573,-184.5022,184.5022,203.3573,423.2353
AQUA_20251023T135000_vs_HYPERNETS_20251023T140000_RHOW_R.csv,THFR,Hyp,AQUA,3.6641600000000003,43.43485999999999,3.682508,43.428234,1.66,5,2025-10-23T12:00:00Z,2025-10-23T11:50:00Z,10,30,3,1.2773,6.4067,0.6645,1.2792,2.4624,-0.027836,-0.01286,-0.005081,NA,FALSE,TRUE,0.009334,0.009327,74.7589,-0.79636,-0.694152,-0.672099,0.672099,0.694152,0.79636,-467.7546,-226.9597,-205.6621,205.6621,226.9597,467.7546
AQUA_20251023T135000_vs_HYPERNETS_20251023T141500_RHOW_R.csv,THFR,Hyp,AQUA,3.6641600000000003,43.43485999999999,3.682508,43.428234,1.66,5,2025-10-23T12:15:00Z,2025-10-23T11:50:00Z,25,30,3,1.2381,5.694,0.778,1.239,1.9731,-0.019692,-0.011127,-0.005748,NA,FALSE,TRUE,0.008344,0.008338,72.7332,-0.778661,-0.669461,-0.647068,0.647068,0.669461,0.778661,-419.4112,-202.5358,-183.9124,183.9124,202.5358,419.4112
AQUA_20251026T141001_vs_HYPERNETS_20251026T134500_RHOW_R.csv,THFR,Hyp,AQUA,3.6641600000000003,43.43485999999999,3.692797,43.427391,2.46,5,2025-10-26T12:45:00Z,2025-10-26T13:10:01Z,25,30,8,0.5054,2.9555,0.4284,0.5142,0.6171,-0.002503,-0.001755,-0.001132,NA,TRUE,TRUE,0.00562,0.005285,79.7508,-0.905626,-0.802589,-0.707002,0.707002,0.802589,0.905626,-991.6197,-415.7453,-247.1633,247.1633,415.7453,991.6197
AQUA_20251026T141001_vs_HYPERNETS_20251026T143000_RHOW_R.csv,THFR,Hyp,AQUA,3.6641600000000003,43.43485999999999,3.692797,43.427391,2.46,5,2025-10-26T13:30:00Z,2025-10-26T13:10:01Z,20,30,8,0.5125,2.417,0.4374,0.5205,0.6195,-0.002032,-0.001391,-8.52e-4,NA,TRUE,TRUE,0.004868,0.004498,77.2045,-0.893894,-0.761063,-0.678844,0.678844,0.761063,0.893894,-843.2321,-322.7691,-215.5975,215.5975,322.7691,843.2321
AQUA_20251103T142001_vs_HYPERNETS_20251103T140000_RHOW_R.csv,THFR,Hyp,AQUA,3.6641600000000003,43.43485999999999,3.694081,43.422474,2.78,5,2025-11-03T13:00:00Z,2025-11-03T13:20:01Z,20,30,3,0.4458,1.167,0.0788,0.4572,2.6534,-0.010402,-2.39e-4,0.001512,NA,FALSE,FALSE,0.003053,0.002751,61.8495,-0.658054,-0.63376,-0.586568,0.586568,0.63376,0.658054,-193.1851,-173.0448,-143.4688,143.4688,173.0448,193.1851
AQUA_20251103T142001_vs_HYPERNETS_20251103T141500_RHOW_R.csv,THFR,Hyp,AQUA,3.6641600000000003,43.43485999999999,3.694081,43.422474,2.78,5,2025-11-03T13:15:00Z,2025-11-03T13:20:01Z,5,30,3,0.4912,1.2372,0.0871,0.5036,2.9119,-0.010771,-3.11e-4,0.001498,NA,FALSE,FALSE,0.002706,0.002467,59.9688,-0.647103,-0.606502,-0.55568,0.55568,0.606502,0.647103,-185.263,-154.1307,-126.5498,126.5498,154.1307,185.263
AQUA_20251103T142001_vs_HYPERNETS_20251103T143000_RHOW_R.csv,THFR,Hyp,AQUA,3.6641600000000003,43.43485999999999,3.694081,43.422474,2.78,5,2025-11-03T13:30:00Z,2025-11-03T13:20:01Z,10,30,3,0.5377,1.2646,0.0939,0.5518,3.2417,-0.011146,-3.4e-4,0.001499,NA,FALSE,FALSE,0.002335,0.002141,56.9267,-0.622986,-0.573981,-0.517904,0.517904,0.573981,0.622986,-167.512,-134.7311,-108.8453,108.8453,134.7311,167.512
AQUA_20251103T142001_vs_HYPERNETS_20251103T144500_RHOW_R.csv,THFR,Hyp,AQUA,3.6641600000000003,43.43485999999999,3.694081,43.422474,2.78,5,2025-11-03T13:45:00Z,2025-11-03T13:20:01Z,25,30,3,0.596,1.2656,0.1084,0.6102,3.4362,-0.0106,-3.39e-4,0.001483,NA,FALSE,FALSE,0.001907,0.001754,52.3629,-0.58187,-0.526454,-0.466802,0.466802,0.526454,0.58187,-141.2882,-111.1729,-88.7323,88.7323,111.1729,141.2882
AQUA_20251118T141001_vs_HYPERNETS_20251118T134500_RHOW_R.csv,THFR,Hyp,AQUA,3.6641600000000003,43.43485999999999,3.688275,43.425991,2.19,5,2025-11-18T12:45:00Z,2025-11-18T13:10:01Z,25,30,7,0.6977,1.3289,0.4867,0.7628,1.1957,-0.002888,-0.001162,-6e-5,NA,FALSE,TRUE,0.002321,0.002108,59.2002,-0.73219,-0.646148,-0.432643,0.432643,0.646148,0.73219,-279.4106,-182.6041,-77.6771,77.6771,182.6041,279.4106
AQUA_20251118T141001_vs_HYPERNETS_20251118T140000_RHOW_R.csv,THFR,Hyp,AQUA,3.6641600000000003,43.43485999999999,3.688275,43.425991,2.19,5,2025-11-18T13:00:00Z,2025-11-18T13:10:01Z,10,30,7,0.7667,1.2782,0.5406,0.8308,1.2768,-0.002552,-0.001004,4e-6,NA,FALSE,FALSE,0.001789,0.001591,52.7535,-0.686888,-0.534775,-0.363148,0.363148,0.534775,0.686888,-222.8727,-114.9495,-58.152,58.152,114.9495,222.8727
AQUA_20251118T141001_vs_HYPERNETS_20251118T141500_RHOW_R.csv,THFR,Hyp,AQUA,3.6641600000000003,43.43485999999999,3.688275,43.425991,2.19,5,2025-11-18T13:15:00Z,2025-11-18T13:10:01Z,5,30,7,0.8225,1.3179,0.5809,0.8904,1.3646,-0.002603,-0.001044,-2.8e-5,NA,FALSE,TRUE,0.001588,0.001405,50.435,-0.676351,-0.485514,-0.346747,0.346747,0.485514,0.676351,-213.5551,-94.3689,-55.1224,55.1224,94.3689,213.5551
AQUA_20251118T141001_vs_HYPERNETS_20251118T143000_RHOW_R.csv,THFR,Hyp,AQUA,3.6641600000000003,43.43485999999999,3.688275,43.425991,2.19,5,2025-11-18T13:30:00Z,2025-11-18T13:10:01Z,20,30,7,0.8833,1.1785,0.6283,0.9513,1.4405,-0.002197,-8.12e-4,1.02e-4,NA,FALSE,FALSE,0.001163,9.5e-4,40.4083,-0.615328,-0.366162,-0.184718,0.184718,0.366162,0.615328,-162.0596,-57.7691,-22.7311,22.7311,57.7691,162.0596
AQUA_20251120T135000_vs_HYPERNETS_20251120T140000_RHOW_R.csv,THFR,Hyp,AQUA,3.6641600000000003,43.43485999999999,3.6919079999999997,43.425999000000004,2.45,5,2025-11-20T13:00:00Z,2025-11-20T12:50:00Z,10,30,0,NA,NA,NA,NA,NA,NA,NA,NA,NA,NA,NA,NA,NA,NA,NA,NA,NA,NA,NA,NA,NA,NA,NA,NA,NA,NA
AQUA_20251120T135000_vs_HYPERNETS_20251120T141500_RHOW_R.csv,THFR,Hyp,AQUA,3.6641600000000003,43.43485999999999,3.6919079999999997,43.425999000000004,2.45,5,2025-11-20T13:15:00Z,2025-11-20T12:50:00Z,25,30,0,NA,NA,NA,NA,NA,NA,NA,NA,NA,NA,NA,NA,NA,NA,NA,NA,NA,NA,NA,NA,NA,NA,NA,NA,NA,NA
AQUA_20251121T142501_vs_HYPERNETS_20251121T140000_RHOW_R.csv,THFR,Hyp,AQUA,3.6641600000000003,43.43485999999999,3.691936,43.429363,2.33,5,2025-11-21T13:00:00Z,2025-11-21T13:25:01Z,25,30,4,0.2826,0.7533,0.0887,0.3718,1.5584,-0.002742,3.24e-4,0.001056,NA,FALSE,FALSE,0.002272,0.001502,48.4425,-0.666314,-0.480948,-0.171181,0.299059,0.480948,0.666314,-201.0891,-103.5425,-25.2535,40.3598,103.5425,201.0891
AQUA_20251121T142501_vs_HYPERNETS_20251121T141500_RHOW_R.csv,THFR,Hyp,AQUA,3.6641600000000003,43.43485999999999,3.691936,43.429363,2.33,5,2025-11-21T13:15:00Z,2025-11-21T13:25:01Z,10,30,4,0.2688,0.78,0.0846,0.3499,1.4476,-0.003188,2.04e-4,0.001024,NA,FALSE,FALSE,0.002695,0.001805,50.0017,-0.712823,-0.561583,-0.348777,0.348777,0.561583,0.712823,-255.6315,-137.1753,-57.6393,57.6393,137.1753,255.6315
AQUA_20251121T142501_vs_HYPERNETS_20251121T143000_RHOW_R.csv,THFR,Hyp,AQUA,3.6641600000000003,43.43485999999999,3.691936,43.429363,2.33,5,2025-11-21T13:30:00Z,2025-11-21T13:25:01Z,5,30,4,0.2997,0.829,0.0947,0.3851,1.5662,-0.003103,2.06e-4,0.00102,NA,FALSE,FALSE,0.002324,0.001522,46.6361,-0.680566,-0.544054,-0.327166,0.329849,0.544054,0.680566,-218.0839,-125.5081,-53.8587,54.271,125.5081,218.0839
AQUA_20251121T142501_vs_HYPERNETS_20251121T144500_RHOW_R.csv,THFR,Hyp,AQUA,3.6641600000000003,43.43485999999999,3.691936,43.429363,2.33,5,2025-11-21T13:45:00Z,2025-11-21T13:25:01Z,20,30,3,0.2537,0.7335,0.02,0.3742,7.0108,-0.020014,4.41e-4,0.001532,NA,FALSE,FALSE,0.002354,0.001782,53.7916,-0.664679,-0.622408,-0.169009,0.453399,0.622408,0.664679,-200.6196,-164.8361,-43.5953,84.4323,164.8361,200.6196
AQUA_20250123T133000_vs_HYPERNETS_20250123T131500_RHOW_pixel.csv,THFR_pixel,Hyp,AQUA,3.6641600000000003,43.43485999999999,3.6603630000000003,43.43213000000001,0.43,5,2025-01-23T12:15:00Z,2025-01-23T12:30:00Z,15,30,5,0.6268,1.1927,0.3005,0.8669,2.5015,-0.01037,-0.00191,0.001022,NA,FALSE,FALSE,0.0028,0.002599,51.7494,-0.594535,-0.429399,-0.392869,0.392869,0.429399,0.594535,-146.6304,-75.2538,-64.7092,64.7092,75.2538,146.6304
AQUA_20250123T133000_vs_HYPERNETS_20250123T133000_RHOW_pixel.csv,THFR_pixel,Hyp,AQUA,3.6641600000000003,43.43485999999999,3.6603630000000003,43.43213000000001,0.43,5,2025-01-23T12:30:00Z,2025-01-23T12:30:00Z,0,30,5,0.66,1.3205,0.3164,0.9142,2.641,-0.011321,-0.002234,9.11e-4,NA,FALSE,FALSE,0.002868,0.002686,52.8356,-0.633648,-0.432987,-0.39744,0.39744,0.432987,0.633648,-172.9615,-76.3629,-65.9586,65.9586,76.3629,172.9615
AQUA_20250123T133000_vs_HYPERNETS_20250123T134500_RHOW_pixel.csv,THFR_pixel,Hyp,AQUA,3.6641600000000003,43.43485999999999,3.6603630000000003,43.43213000000001,0.43,5,2025-01-23T12:45:00Z,2025-01-23T12:30:00Z,15,30,5,0.6314,1.0589,0.3021,0.859,2.4424,-0.009153,-0.001549,0.001126,NA,FALSE,FALSE,0.002452,0.002226,47.4487,-0.507479,-0.392149,-0.356978,0.356978,0.392149,0.507479,-103.0372,-64.514,-55.5156,55.5156,64.514,103.0372
AQUA_20250123T133000_vs_HYPERNETS_20250123T140000_RHOW_pixel.csv,THFR_pixel,Hyp,AQUA,3.6641600000000003,43.43485999999999,3.6603630000000003,43.43213000000001,0.43,5,2025-01-23T13:00:00Z,2025-01-23T12:30:00Z,30,30,5,0.6475,1.0173,0.3097,0.875,2.4724,-0.00876,-0.001436,0.001157,NA,FALSE,FALSE,0.002246,0.002009,44.695,-0.46052,-0.368208,-0.329527,0.329527,0.368208,0.46052,-85.3638,-58.2799,-49.1484,49.1484,58.2799,85.3638
AQUA_20250131T135000_vs_HYPERNETS_20250131T133000_RHOW_pixel.csv,THFR_pixel,Hyp,AQUA,3.6641600000000003,43.43485999999999,3.6574679999999997,43.431186999999994,0.68,5,2025-01-31T12:30:00Z,2025-01-31T12:50:00Z,20,30,8,0.696,0.8546,0.4924,0.8572,1.4923,-0.003845,-0.001051,5.54e-4,NA,FALSE,FALSE,0.002113,0.001679,37.1497,-0.535953,-0.278905,-0.20157,0.20157,0.278905,0.535953,-121.0984,-38.8943,-25.2472,25.2472,38.8943,121.0984
AQUA_20250131T135000_vs_HYPERNETS_20250131T134500_RHOW_pixel.csv,THFR_pixel,Hyp,AQUA,3.6641600000000003,43.43485999999999,3.6574679999999997,43.431186999999994,0.68,5,2025-01-31T12:45:00Z,2025-01-31T12:50:00Z,5,30,8,0.6912,0.895,0.489,0.8422,1.4503,-0.003822,-0.001079,5.14e-4,NA,FALSE,FALSE,0.002198,0.00179,39.6139,-0.533281,-0.319986,-0.222767,0.222767,0.319986,0.533281,-120.4037,-47.6156,-28.6633,28.6633,47.6156,120.4037
AQUA_20250131T135000_vs_HYPERNETS_20250131T140000_RHOW_pixel.csv,THFR_pixel,Hyp,AQUA,3.6641600000000003,43.43485999999999,3.6574679999999997,43.431186999999994,0.68,5,2025-01-31T13:00:00Z,2025-01-31T12:50:00Z,10,30,8,0.7342,0.8515,0.5208,0.8701,1.4539,-0.003137,-7.85e-4,6.22e-4,NA,FALSE,FALSE,0.001748,0.001308,30.7307,-0.399942,-0.216587,-0.166614,0.166614,0.216587,0.399942,-74.5891,-27.6821,-19.9935,19.9935,27.6821,74.5891
AQUA_20250529T135000_vs_HYPERNETS_20250529T133000_RHOW_pixel.csv,THFR_pixel,Hyp,AQUA,3.6641600000000003,43.43485999999999,3.6554659999999997,43.428286,1.01,5,2025-05-29T11:30:00Z,2025-05-29T11:50:00Z,20,30,3,1.7477,1.7972,0.1372,2.5128,46.0179,-0.369853,-0.012615,0.006892,NA,FALSE,FALSE,2.84e-4,2.62e-4,3.1928,-0.041643,-0.040944,-0.014223,0.026721,0.040944,0.041643,-4.3453,-4.2692,-1.4801,2.7484,4.2692,4.3453
AQUA_20250529T135000_vs_HYPERNETS_20250529T134500_RHOW_pixel.csv,THFR_pixel,Hyp,AQUA,3.6641600000000003,43.43485999999999,3.6554659999999997,43.428286,1.01,5,2025-05-29T11:45:00Z,2025-05-29T11:50:00Z,5,30,3,2.1835,2.2645,0.1716,3.1811,58.9578,-0.479727,-0.018297,0.006599,NA,FALSE,FALSE,3.36e-4,2.91e-4,3.5283,-0.04959,-0.0459,-0.019616,0.026284,0.0459,0.04959,-5.2185,-4.8108,-2.0375,2.7179,4.8108,5.2185
AQUA_20250529T135000_vs_HYPERNETS_20250529T140100_RHOW_pixel.csv,THFR_pixel,Hyp,AQUA,3.6641600000000003,43.43485999999999,3.6554659999999997,43.428286,1.01,5,2025-05-29T12:01:00Z,2025-05-29T11:50:00Z,11,30,3,2.4013,2.4793,0.1888,3.505,65.0714,-0.527777,-0.020841,0.006464,NA,FALSE,FALSE,3.1e-4,2.81e-4,3.4204,-0.045351,-0.040667,-0.014378,0.026288,0.040667,0.045351,-4.7518,-4.239,-1.4949,2.7037,4.239,4.7518
AQUA_20250529T135000_vs_HYPERNETS_20250529T141500_RHOW_pixel.csv,THFR_pixel,Hyp,AQUA,3.6641600000000003,43.43485999999999,3.6554659999999997,43.428286,1.01,5,2025-05-29T12:15:00Z,2025-05-29T11:50:00Z,25,30,3,4.0338,4.4559,0.3231,5.1978,83.6258,-0.731017,-0.037916,0.005164,NA,FALSE,FALSE,8.51e-4,8.19e-4,9.2744,-0.110898,-0.102648,-0.079542,0.079542,0.102648,0.110898,-12.4779,-11.4389,-8.6758,8.6758,11.4389,12.4779
AQUA_20250621T140001_vs_HYPERNETS_20250621T133000_RHOW_pixel.csv,THFR_pixel,Hyp,AQUA,3.6641600000000003,43.43485999999999,3.654998,43.429680999999995,0.94,5,2025-06-21T11:30:00Z,2025-06-21T12:00:01Z,30,30,3,1.4586,1.9815,0.2358,1.5044,9.5995,-0.072328,-0.006157,0.004214,NA,FALSE,FALSE,0.002043,0.002033,24.9947,-0.267184,-0.240127,-0.227801,0.227801,0.240127,0.267184,-36.553,-31.601,-29.5167,29.5167,31.601,36.553
AQUA_20250621T140001_vs_HYPERNETS_20250621T134500_RHOW_pixel.csv,THFR_pixel,Hyp,AQUA,3.6641600000000003,43.43485999999999,3.654998,43.429680999999995,0.94,5,2025-06-21T11:45:00Z,2025-06-21T12:00:01Z,15,30,3,1.6589,2.2671,0.2716,1.7095,10.7579,-0.082195,-0.007896,0.00391,NA,FALSE,FALSE,0.0020830000000000002,0.00207,25.3313,-0.271371,-0.240205,-0.228701,0.228701,0.240205,0.271371,-37.3699,-31.6145,-29.6659,29.6659,31.6145,37.3699
AQUA_20250621T140001_vs_HYPERNETS_20250621T140000_RHOW_pixel.csv,THFR_pixel,Hyp,AQUA,3.6641600000000003,43.43485999999999,3.654998,43.429680999999995,0.94,5,2025-06-21T12:00:00Z,2025-06-21T12:00:01Z,0,30,3,1.6557,2.2909,0.2455,1.7196,12.0435,-0.093846,-0.008136,0.004102,NA,FALSE,FALSE,0.002174,0.002161,26.1472,-0.279955,-0.24896,-0.236734,0.236734,0.24896,0.279955,-39.009,-33.1487,-31.0328,31.0328,33.1487,39.009
AQUA_20250621T140001_vs_HYPERNETS_20250621T141500_RHOW_pixel.csv,THFR_pixel,Hyp,AQUA,3.6641600000000003,43.43485999999999,3.654998,43.429680999999995,0.94,5,2025-06-21T12:15:00Z,2025-06-21T12:00:01Z,15,30,3,1.9031,2.4597,0.3112,1.9612,12.3621,-0.08978,-0.009077,0.003726,NA,FALSE,FALSE,0.001639,0.001619,20.9791,-0.229467,-0.194071,-0.182256,0.182256,0.194071,0.229467,-29.9174,-24.0804,-22.3004,22.3004,24.0804,29.9174
AQUA_20250716T135000_vs_HYPERNETS_20250716T133000_RHOW_pixel.csv,THFR_pixel,Hyp,AQUA,3.6641600000000003,43.43485999999999,3.6531890000000002,43.431439999999995,0.97,5,2025-07-16T11:30:00Z,2025-07-16T11:50:00Z,20,30,9,0.9499,0.6621,0.7593,0.9996,1.3159,-7.09e-4,0.001627,0.003402,NA,FALSE,FALSE,0.001954,0.001682,32.9755,0.081662,0.171474,0.546412,0.081662,0.171474,0.546412,8.1662,17.1474,54.6412,8.1662,17.1474,54.6412
AQUA_20250716T135000_vs_HYPERNETS_20250716T134500_RHOW_pixel.csv,THFR_pixel,Hyp,AQUA,3.6641600000000003,43.43485999999999,3.6531890000000002,43.431439999999995,0.97,5,2025-07-16T11:45:00Z,2025-07-16T11:50:00Z,5,30,9,0.9685,0.654,0.7737,1.0197,1.344,-6.38e-4,0.00169,0.003456,NA,FALSE,FALSE,0.002128,0.001857,36.7013,0.113671,0.201633,0.609736,0.113671,0.201633,0.609736,11.3671,20.1633,60.9736,11.3671,20.1633,60.9736
AQUA_20250716T135000_vs_HYPERNETS_20250716T140000_RHOW_pixel.csv,THFR_pixel,Hyp,AQUA,3.6641600000000003,43.43485999999999,3.6531890000000002,43.431439999999995,0.97,5,2025-07-16T12:00:00Z,2025-07-16T11:50:00Z,10,30,9,0.9768,0.6549,0.7856,1.0238,1.3342,-4.2e-4,0.001774,0.003457,NA,FALSE,FALSE,0.002202,0.001942,38.5719,0.134069,0.213724,0.641069,0.134069,0.213724,0.641069,13.4069,21.3724,64.1069,13.4069,21.3724,64.1069
AQUA_20250716T135000_vs_HYPERNETS_20250716T141500_RHOW_pixel.csv,THFR_pixel,Hyp,AQUA,3.6641600000000003,43.43485999999999,3.6531890000000002,43.431439999999995,0.97,5,2025-07-16T12:15:00Z,2025-07-16T11:50:00Z,25,30,9,0.987,0.6844,0.7956,1.0333,1.3419,-6.75e-4,0.001553,0.003268,NA,FALSE,FALSE,0.002063,0.001802,34.1167,0.114425,0.20153,0.558785,0.114425,0.20153,0.558785,11.4425,20.153,55.8785,11.4425,20.153,55.8785
AQUA_20250803T140000_vs_HYPERNETS_20250803T133000_RHOW_pixel.csv,THFR_pixel,Hyp,AQUA,3.6641600000000003,43.43485999999999,3.656524,43.432257,0.68,5,2025-08-03T11:30:00Z,2025-08-03T12:00:00Z,30,30,8,0.9819,0.9327,0.704,1.1215,1.7867,-0.005312,-0.001548,8.15e-4,NA,FALSE,FALSE,0.001757,0.00104,18.0282,-0.235291,-0.045945,0.010471,0.02564,0.063341,0.235291,-32.4214,-4.8583,1.0421,2.5723,6.615,32.4214
AQUA_20250803T140000_vs_HYPERNETS_20250803T134500_RHOW_pixel.csv,THFR_pixel,Hyp,AQUA,3.6641600000000003,43.43485999999999,3.656524,43.432257,0.68,5,2025-08-03T11:45:00Z,2025-08-03T12:00:00Z,15,30,8,0.9922,0.937,0.7113,1.1337,1.8069,-0.005348,-0.001568,8.04e-4,NA,FALSE,FALSE,0.001737,0.001034,17.9375,-0.22813,-0.04097,0.012355,0.030314,0.067485,0.22813,-31.2083,-4.3285,1.2254,3.0265,7.029,31.2083
AQUA_20250803T140000_vs_HYPERNETS_20250803T140000_RHOW_pixel.csv,THFR_pixel,Hyp,AQUA,3.6641600000000003,43.43485999999999,3.656524,43.432257,0.68,5,2025-08-03T12:00:00Z,2025-08-03T12:00:00Z,0,30,8,1.0457,0.9312,0.755,1.1775,1.8362,-0.004931,-0.001441,7.97e-4,NA,FALSE,FALSE,0.001545,0.001018,17.78,-0.167521,0.024952,0.072241,0.061567,0.088477,0.179112,-21.7352,2.4844,7.2225,6.1492000000000004,9.3341,22.1996
AQUA_20250803T140000_vs_HYPERNETS_20250803T141500_RHOW_pixel.csv,THFR_pixel,Hyp,AQUA,3.6641600000000003,43.43485999999999,3.656524,43.432257,0.68,5,2025-08-03T12:15:00Z,2025-08-03T12:00:00Z,15,30,8,1.0556,0.9542,0.7588,1.1988,1.8941,-0.005314,-0.001602,7.47e-4,NA,FALSE,FALSE,0.001603,0.001064,18.4085,-0.19453,-3.75e-4,0.052516,0.03788,0.104391,0.19453,-25.61,-0.0884,5.2288,3.8145,10.4307,25.61
AQUA_20250803T140000_vs_HYPERNETS_20250803T143000_RHOW_pixel.csv,THFR_pixel,Hyp,AQUA,3.6641600000000003,43.43485999999999,3.656524,43.432257,0.68,5,2025-08-03T12:30:00Z,2025-08-03T12:00:00Z,30,30,8,1.0642,0.9574,0.7625,1.2176,1.9443,-0.005522,-0.001664,7.51e-4,NA,FALSE,FALSE,0.00163,0.001102,18.7517,-0.191323,-0.006114,0.06444,0.045961,0.114831,0.197981,-25.1619,-0.6502,6.4171,4.6205,11.9194,25.1619
AQUA_20250915T135501_vs_HYPERNETS_20250915T133000_RHOW_pixel.csv,THFR_pixel,Hyp,AQUA,3.6641600000000003,43.43485999999999,3.655504,43.431503,0.79,5,2025-09-15T11:30:00Z,2025-09-15T11:55:01Z,25,30,3,0.8256,1.0113,0.0793,0.9285,10.8758,-0.080337,-8.66e-4,0.005918,NA,FALSE,FALSE,0.001441,0.001438,17.9978,-0.187435,-0.182819,-0.173941,0.173941,0.182819,0.187435,-23.069,-22.3718,-21.0637,21.0637,22.3718,23.069
AQUA_20250915T135501_vs_HYPERNETS_20250915T134500_RHOW_pixel.csv,THFR_pixel,Hyp,AQUA,3.6641600000000003,43.43485999999999,3.655504,43.431503,0.79,5,2025-09-15T11:45:00Z,2025-09-15T11:55:01Z,10,30,3,0.8431,1.0293,0.0827,0.941,10.7016,-0.078698,-9.45e-4,0.005892,NA,FALSE,FALSE,0.001418,0.001415,17.7617,-0.184941,-0.180716,-0.171842,0.171842,0.180716,0.184941,-22.6921,-22.0578,-20.7569,20.7569,22.0578,22.6921
AQUA_20250915T135501_vs_HYPERNETS_20250915T140000_RHOW_pixel.csv,THFR_pixel,Hyp,AQUA,3.6641600000000003,43.43485999999999,3.655504,43.431503,0.79,5,2025-09-15T12:00:00Z,2025-09-15T11:55:01Z,5,30,3,0.8059,0.9953,0.0766,0.9096,10.7983,-0.080408,-7.74e-4,0.005934,NA,FALSE,FALSE,0.001505,0.001502,18.6479,-0.193906,-0.188946,-0.180286,0.180286,0.188946,0.193906,-24.0573,-23.2964,-22.0006,22.0006,23.2964,24.0573
AQUA_20250915T135501_vs_HYPERNETS_20250915T141500_RHOW_pixel.csv,THFR_pixel,Hyp,AQUA,3.6641600000000003,43.43485999999999,3.655504,43.431503,0.79,5,2025-09-15T12:15:00Z,2025-09-15T11:55:01Z,20,30,3,0.7878,0.9587,0.0745,0.8911,10.6578,-0.078028,-5.2e-4,0.00596,NA,FALSE,FALSE,0.001389,0.001385,17.4454,-0.181839,-0.175841,-0.167762,0.167762,0.175841,0.181839,-22.2287,-21.3358,-20.1636,20.1636,21.3358,22.2287
AQUA_20250918T141501_vs_HYPERNETS_20250918T134500_RHOW_pixel.csv,THFR_pixel,Hyp,AQUA,3.6641600000000003,43.43485999999999,3.6571040000000004,43.431508,0.68,5,2025-09-18T11:45:00Z,2025-09-18T12:15:01Z,30,30,7,0.5534,0.9324,0.3726,0.6304,1.0666,-0.004061,-9.13e-4,9.48e-4,NA,FALSE,FALSE,0.00413,0.003581,49.5365,-0.549176,-0.458297,-0.414562,0.414562,0.458297,0.549176,-123.417,-84.6031,-70.8577,70.8577,84.6031,123.417
AQUA_20250918T141501_vs_HYPERNETS_20250918T140000_RHOW_pixel.csv,THFR_pixel,Hyp,AQUA,3.6641600000000003,43.43485999999999,3.6571040000000004,43.431508,0.68,5,2025-09-18T12:00:00Z,2025-09-18T12:15:01Z,15,30,7,0.5478,0.9603,0.36870000000000003,0.6242,1.0569,-0.004227,-0.001008,8.93e-4,NA,FALSE,FALSE,0.004341,0.003804,51.5242,-0.575047,-0.472225,-0.4272,0.4272,0.472225,0.575047,-136.9352,-89.4747,-74.6307,74.6307,89.4747,136.9352
AQUA_20250918T141501_vs_HYPERNETS_20250918T141500_RHOW_pixel.csv,THFR_pixel,Hyp,AQUA,3.6641600000000003,43.43485999999999,3.6571040000000004,43.431508,0.68,5,2025-09-18T12:15:00Z,2025-09-18T12:15:01Z,0,30,7,0.5514,0.9714,0.3724,0.6248,1.0482,-0.004164,-0.001014,8.65e-4,NA,FALSE,FALSE,0.00433,0.003806,51.6942,-0.575073,-0.471395,-0.428694,0.428694,0.471395,0.575073,-136.8768,-89.1771,-75.0896,75.0896,89.1771,136.8768
AQUA_20250918T141501_vs_HYPERNETS_20250918T143000_RHOW_pixel.csv,THFR_pixel,Hyp,AQUA,3.6641600000000003,43.43485999999999,3.6571040000000004,43.431508,0.68,5,2025-09-18T12:30:00Z,2025-09-18T12:15:01Z,15,30,7,0.5715,0.9118,0.3885,0.6419,1.0607,-0.003647,-7.72e-4,9.69e-4,NA,FALSE,FALSE,0.003771,0.003231,46.4454,-0.504552,-0.438641,-0.394866,0.394866,0.438641,0.504552,-103.44970000000001,-78.1392,-65.2984,65.2984,78.1392,103.44970000000001
AQUA_20250918T141501_vs_HYPERNETS_20250918T144500_RHOW_pixel.csv,THFR_pixel,Hyp,AQUA,3.6641600000000003,43.43485999999999,3.6571040000000004,43.431508,0.68,5,2025-09-18T12:45:00Z,2025-09-18T12:15:01Z,30,30,7,0.5733,0.9948,0.3898,0.6439,1.0636,-0.004088,-0.00104,8.06e-4,NA,FALSE,FALSE,0.00411,0.003626,50.8339,-0.567438,-0.456981,-0.415713,0.415713,0.456981,0.567438,-132.59,-84.1557,-71.1982,71.1982,84.1557,132.59
AQUA_20251008T140000_vs_HYPERNETS_20251008T133000_RHOW_pixel.csv,THFR_pixel,Hyp,AQUA,3.6641600000000003,43.43485999999999,3.660857,43.430233,0.58,5,2025-10-08T11:30:00Z,2025-10-08T12:00:00Z,30,30,3,1.337,2.6847,0.1194,1.5534,20.2143,-0.255242,-0.013583,0.004987,NA,FALSE,FALSE,0.00642,0.006417,49.5797,-0.509396,-0.499381,-0.48399,0.48399,0.499381,0.509396,-103.8727,-99.7527,-93.8811,93.8811,99.7527,103.8727
AQUA_20251008T140000_vs_HYPERNETS_20251008T134500_RHOW_pixel.csv,THFR_pixel,Hyp,AQUA,3.6641600000000003,43.43485999999999,3.660857,43.430233,0.58,5,2025-10-08T11:45:00Z,2025-10-08T12:00:00Z,15,30,3,1.0945,2.1351,0.0972,1.2751,16.7247,-0.204134,-0.009529,0.005308,NA,FALSE,FALSE,0.006066,0.006063,48.1652,-0.494966,-0.487295,-0.47116,0.47116,0.487295,0.494966,-98.0294,-95.044,-89.1812,89.1812,95.044,98.0294
AQUA_20251008T140000_vs_HYPERNETS_20251008T140000_RHOW_pixel.csv,THFR_pixel,Hyp,AQUA,3.6641600000000003,43.43485999999999,3.660857,43.430233,0.58,5,2025-10-08T12:00:00Z,2025-10-08T12:00:00Z,0,30,3,1.1474,2.2696,0.1048,1.3174,16.5534,-0.205064,-0.010306,0.005193,NA,FALSE,FALSE,0.006252,0.00625,48.9219,-0.502314,-0.494028,-0.478528,0.478528,0.494028,0.502314,-100.9577,-97.6394,-91.8497,91.8497,97.6394,100.9577
AQUA_20251008T140000_vs_HYPERNETS_20251008T141500_RHOW_pixel.csv,THFR_pixel,Hyp,AQUA,3.6641600000000003,43.43485999999999,3.660857,43.430233,0.58,5,2025-10-08T12:15:00Z,2025-10-08T12:00:00Z,15,30,3,1.1938,2.2534,0.1098,1.3662,16.9929,-0.200822,-0.010138,0.005193,NA,FALSE,FALSE,0.005672,0.005669,46.4935,-0.478573,-0.469986,-0.453823,0.453823,0.469986,0.478573,-91.8073,-88.6741,-83.171,83.171,88.6741,91.8073
AQUA_20251008T140000_vs_HYPERNETS_20251008T143000_RHOW_pixel.csv,THFR_pixel,Hyp,AQUA,3.6641600000000003,43.43485999999999,3.660857,43.430233,0.58,5,2025-10-08T12:30:00Z,2025-10-08T12:00:00Z,30,30,3,1.3095,2.3316,0.1239,1.481,17.7033,-0.197383,-0.010526,0.005106,NA,FALSE,FALSE,0.004989,0.004985,43.3169,-0.447535,-0.437992,-0.421215,0.421215,0.437992,0.447535,-81.0339,-77.9335,-72.8484,72.8484,77.9335,81.0339
AQUA_20251026T141001_vs_HYPERNETS_20251026T134500_RHOW_pixel.csv,THFR_pixel,Hyp,AQUA,3.6641600000000003,43.43485999999999,3.6630370000000005,43.430819,0.46,5,2025-10-26T12:45:00Z,2025-10-26T13:10:01Z,25,30,5,0.5376,1.4357,0.3107,0.5756,1.0663,-0.006912,-0.001861,8.66e-4,NA,FALSE,FALSE,0.006504,0.00623,63.5703,-0.757404,-0.556824,-0.55438,0.55438,0.556824,0.757404,-312.2081,-125.644,-124.4064,124.4064,125.644,312.2081
AQUA_20251026T141001_vs_HYPERNETS_20251026T143000_RHOW_pixel.csv,THFR_pixel,Hyp,AQUA,3.6641600000000003,43.43485999999999,3.6630370000000005,43.430819,0.46,5,2025-10-26T13:30:00Z,2025-10-26T13:10:01Z,20,30,5,0.5855,1.4954,0.3594,0.6152,1.0531,-0.006091,-0.001868,5.99e-4,NA,FALSE,FALSE,0.005797,0.005579,61.3084,-0.742998,-0.528531,-0.528126,0.528126,0.528531,0.742998,-289.1026,-112.1032,-111.9209,111.9209,112.1032,289.1026
AQUA_20251118T141001_vs_HYPERNETS_20251118T134500_RHOW_pixel.csv,THFR_pixel,Hyp,AQUA,3.6641600000000003,43.43485999999999,3.657093,43.429942000000004,0.79,5,2025-11-18T12:45:00Z,2025-11-18T13:10:01Z,25,30,6,0.6141,0.9999,0.4081,0.6573,1.0588,-0.002358,-4.19e-4,7.85e-4,NA,FALSE,FALSE,0.002368,0.002075,43.3563,-0.494426,-0.405185,-0.342106,0.342106,0.405185,0.494426,-98.6746,-68.1232,-52.214,52.214,68.1232,98.6746
AQUA_20251118T141001_vs_HYPERNETS_20251118T140000_RHOW_pixel.csv,THFR_pixel,Hyp,AQUA,3.6641600000000003,43.43485999999999,3.657093,43.429942000000004,0.79,5,2025-11-18T13:00:00Z,2025-11-18T13:10:01Z,10,30,6,0.6823,0.9755,0.4581,0.7268,1.1532,-0.002197,-3.65e-4,7.89e-4,NA,FALSE,FALSE,0.001795,0.001539,35.7208,-0.402152,-0.335657,-0.266088,0.266088,0.335657,0.402152,-67.5629,-50.5267,-36.4482,36.4482,50.5267,67.5629
AQUA_20251118T141001_vs_HYPERNETS_20251118T141500_RHOW_pixel.csv,THFR_pixel,Hyp,AQUA,3.6641600000000003,43.43485999999999,3.657093,43.429942000000004,0.79,5,2025-11-18T13:15:00Z,2025-11-18T13:10:01Z,5,30,6,0.7404,1.028,0.4971,0.7887,1.2515,-0.002346,-4.59e-4,7.3e-4,NA,FALSE,FALSE,0.00154,0.00132,33.6675,-0.400308,-0.293867,-0.227931,0.227931,0.293867,0.400308,-67.5008,-41.6196,-29.6628,29.6628,41.6196,67.5008
AQUA_20251118T141001_vs_HYPERNETS_20251118T143000_RHOW_pixel.csv,THFR_pixel,Hyp,AQUA,3.6641600000000003,43.43485999999999,3.657093,43.429942000000004,0.79,5,2025-11-18T13:30:00Z,2025-11-18T13:10:01Z,20,30,6,0.8142,0.982,0.5538,0.86240000000000006,1.3431,-0.002108,-3.67e-4,7.51e-4,NA,FALSE,FALSE,0.001085,8.65e-4,24.0962,-0.273614,-0.214044,-0.131759,0.131759,0.214044,0.273614,-37.8022,-27.2346,-15.3422,15.3422,27.2346,37.8022
AQUA_20250205T135001_vs_HYPERNETS_20250205T133000_RHOW_NE.csv,THFR_NE,Hyp,AQUA,3.6641600000000003,43.43485999999999,3.665082,43.437508,0.3,5,2025-02-05T12:30:00Z,2025-02-05T12:50:01Z,20,30,3,2.5505,5.2753,0.6211,15.5959,391.6152,-2.231971,-0.08543,5.5e-5,NA,FALSE,FALSE,0.002208,0.002108,36.9434,-0.448193,-0.41136,-0.311638,0.311638,0.41136,0.448193,-81.6278,-69.8831,-46.8212,46.8212,69.8831,81.6278
AQUA_20250205T135001_vs_HYPERNETS_20250205T134500_RHOW_NE.csv,THFR_NE,Hyp,AQUA,3.6641600000000003,43.43485999999999,3.665082,43.437508,0.3,5,2025-02-05T12:45:00Z,2025-02-05T12:50:01Z,5,30,3,3.0621,5.6725,0.4825,11.8648,291.7807,-1.641543,-0.063297,8.8e-4,NA,FALSE,FALSE,0.002139,0.002038,36.1704,-0.441162,-0.405575,-0.304182,0.304182,0.405575,0.441162,-79.3065,-68.2298,-45.2663,45.2663,68.2298,79.3065
AQUA_20250205T135001_vs_HYPERNETS_20250205T140000_RHOW_NE.csv,THFR_NE,Hyp,AQUA,3.6641600000000003,43.43485999999999,3.665082,43.437508,0.3,5,2025-02-05T13:00:00Z,2025-02-05T12:50:01Z,10,30,3,4.6606,7.9109,0.4729,10.88,250.3093,-1.399551,-0.05739,9.49e-4,NA,FALSE,FALSE,0.002104,0.002005,35.8226,-0.437175,-0.40193,-0.301129,0.301129,0.40193,0.437175,-78.0245,-67.2045,-44.5999,44.5999,67.2045,78.0245
AQUA_20250205T135001_vs_HYPERNETS_20250205T141500_RHOW_NE.csv,THFR_NE,Hyp,AQUA,3.6641600000000003,43.43485999999999,3.665082,43.437508,0.3,5,2025-02-05T13:15:00Z,2025-02-05T12:50:01Z,25,30,3,3.2193,5.5171,0.4088,9.8325,236.5036,-1.280023,-0.049766,0.001382,NA,FALSE,FALSE,0.001937,0.001827,33.7065,-0.419216,-0.38401,-0.278387,0.278387,0.38401,0.419216,-72.4982,-62.3403,-40.0872,40.0872,62.3403,72.4982
AQUA_20250205T135001_vs_HYPERNETS_20250205T133000_RHOW_poly.csv,THFR_poly,Hyp,AQUA,3.6641600000000003,43.43485999999999,3.665082,43.437508,0.3,5,2025-02-05T12:30:00Z,2025-02-05T12:50:01Z,20,30,3,2.5505,5.2753,0.6211,15.5959,391.6152,-2.231971,-0.08543,5.5e-5,NA,FALSE,FALSE,0.002208,0.002108,36.9434,-0.448193,-0.41136,-0.311638,0.311638,0.41136,0.448193,-81.6278,-69.8831,-46.8212,46.8212,69.8831,81.6278
AQUA_20250205T135001_vs_HYPERNETS_20250205T134500_RHOW_poly.csv,THFR_poly,Hyp,AQUA,3.6641600000000003,43.43485999999999,3.665082,43.437508,0.3,5,2025-02-05T12:45:00Z,2025-02-05T12:50:01Z,5,30,3,3.0621,5.6725,0.4825,11.8648,291.7807,-1.641543,-0.063297,8.8e-4,NA,FALSE,FALSE,0.002139,0.002038,36.1704,-0.441162,-0.405575,-0.304182,0.304182,0.405575,0.441162,-79.3065,-68.2298,-45.2663,45.2663,68.2298,79.3065
AQUA_20250205T135001_vs_HYPERNETS_20250205T140000_RHOW_poly.csv,THFR_poly,Hyp,AQUA,3.6641600000000003,43.43485999999999,3.665082,43.437508,0.3,5,2025-02-05T13:00:00Z,2025-02-05T12:50:01Z,10,30,3,4.6606,7.9109,0.4729,10.88,250.3093,-1.399551,-0.05739,9.49e-4,NA,FALSE,FALSE,0.002104,0.002005,35.8226,-0.437175,-0.40193,-0.301129,0.301129,0.40193,0.437175,-78.0245,-67.2045,-44.5999,44.5999,67.2045,78.0245
AQUA_20250205T135001_vs_HYPERNETS_20250205T141500_RHOW_poly.csv,THFR_poly,Hyp,AQUA,3.6641600000000003,43.43485999999999,3.665082,43.437508,0.3,5,2025-02-05T13:15:00Z,2025-02-05T12:50:01Z,25,30,3,3.2193,5.5171,0.4088,9.8325,236.5036,-1.280023,-0.049766,0.001382,NA,FALSE,FALSE,0.001937,0.001827,33.7065,-0.419216,-0.38401,-0.278387,0.278387,0.38401,0.419216,-72.4982,-62.3403,-40.0872,40.0872,62.3403,72.4982
AQUA_20250803T140000_vs_HYPERNETS_20250803T133000_RHOW_poly.csv,THFR_poly,Hyp,AQUA,3.6641600000000003,43.43485999999999,3.6601090000000003,43.441821999999995,0.84,5,2025-08-03T11:30:00Z,2025-08-03T12:00:00Z,30,30,9,0.9803,0.7668,0.7346,1.2375,2.0846,-0.007089,-0.002365,4.4e-4,NA,FALSE,FALSE,0.002272,0.001507,28.5691,-0.420731,0.008761,0.092034,0.041949,0.162294,0.420731,-72.6312,0.8761,9.2034,4.1949,16.2294,72.6312
AQUA_20250803T140000_vs_HYPERNETS_20250803T134500_RHOW_poly.csv,THFR_poly,Hyp,AQUA,3.6641600000000003,43.43485999999999,3.6601090000000003,43.441821999999995,0.84,5,2025-08-03T11:45:00Z,2025-08-03T12:00:00Z,15,30,9,0.9898,0.7681,0.7419,1.2512,2.1099,-0.007144,-0.00239,4.29e-4,NA,FALSE,FALSE,0.002258,0.001523,28.9121,-0.416176,0.018356,0.101266,0.051419,0.163067,0.416176,-71.2845,1.8356,10.1266,5.1419,16.3067,71.2845
AQUA_20250803T140000_vs_HYPERNETS_20250803T140000_RHOW_poly.csv,THFR_poly,Hyp,AQUA,3.6641600000000003,43.43485999999999,3.6601090000000003,43.441821999999995,0.84,5,2025-08-03T12:00:00Z,2025-08-03T12:00:00Z,0,30,9,1.0564,0.8061,0.7884,1.2954,2.1284,-0.006519,-0.002192,4.42e-4,NA,FALSE,FALSE,0.00203,0.001536,32.5977,-0.375464,0.091366,0.15036,0.097341,0.266556,0.375464,-60.119,9.1366,15.036,9.7341,26.6556,60.119
AQUA_20250803T140000_vs_HYPERNETS_20250803T141500_RHOW_poly.csv,THFR_poly,Hyp,AQUA,3.6641600000000003,43.43485999999999,3.6601090000000003,43.441821999999995,0.84,5,2025-08-03T12:15:00Z,2025-08-03T12:00:00Z,15,30,9,1.0604,0.8084,0.7928,1.321,2.201,-0.007017,-0.002397,3.75e-4,NA,FALSE,FALSE,0.002104,0.001565,31.4361,-0.382911,0.068935,0.158836,0.105649,0.213568,0.382911,-62.0511,6.8935,15.8836,10.5649,21.3568,62.0511
AQUA_20250803T140000_vs_HYPERNETS_20250803T143000_RHOW_poly.csv,THFR_poly,Hyp,AQUA,3.6641600000000003,43.43485999999999,3.6601090000000003,43.441821999999995,0.84,5,2025-08-03T12:30:00Z,2025-08-03T12:00:00Z,30,30,9,1.0643,0.7964,0.7975,1.343,2.2616,-0.007289,-0.002485,3.67e-4,NA,FALSE,FALSE,0.00214,0.001608,31.8421,-0.38367,0.079981,0.173654,0.121322,0.213455,0.38367,-62.2507,7.9981,17.3654,12.1322,21.3455,62.2507
AQUA_20251026T141001_vs_HYPERNETS_20251026T134500_RHOW_poly.csv,THFR_poly,Hyp,AQUA,3.6641600000000003,43.43485999999999,3.664044,43.441158,0.7,5,2025-10-26T12:45:00Z,2025-10-26T13:10:01Z,25,30,8,0.5102,1.4907,0.3809,0.5512,0.7976,-0.003971,-0.001901,-4.7e-4,NA,TRUE,TRUE,0.006055,0.005672,72.0548,-0.828392,-0.770633,-0.609628,0.609628,0.770633,0.828392,-482.9952,-336.8155,-157.1124,157.1124,336.8155,482.9952
AQUA_20251026T141001_vs_HYPERNETS_20251026T143000_RHOW_poly.csv,THFR_poly,Hyp,AQUA,3.6641600000000003,43.43485999999999,3.664044,43.441158,0.7,5,2025-10-26T13:30:00Z,2025-10-26T13:10:01Z,20,30,8,0.5423,1.5168,0.4166,0.5736,0.7898,-0.003352,-0.001687,-4.77e-4,NA,TRUE,TRUE,0.005318,0.004971,69.7008,-0.798845,-0.752844,-0.586075,0.586075,0.752844,0.798845,-398.0746,-304.8032,-142.5257,142.5257,304.8032,398.0746
AQUA_20250123T133000_vs_HYPERNETS_20250123T131500_RHOW_raw.csv,THFR_raw,Hyp,AQUA,3.6641600000000003,43.43485999999999,3.66166,43.432024,0.37,5,2025-01-23T12:15:00Z,2025-01-23T12:30:00Z,15,30,5,0.6916,1.5241,0.3325,0.9737,2.851,-0.012309,-0.002593,7.26e-4,NA,FALSE,FALSE,0.002946,0.002729,55.6547,-0.726788,-0.429399,-0.392869,0.392869,0.429399,0.726788,-266.0161,-75.2538,-64.7092,64.7092,75.2538,266.0161
AQUA_20250123T133000_vs_HYPERNETS_20250123T133000_RHOW_raw.csv,THFR_raw,Hyp,AQUA,3.6641600000000003,43.43485999999999,3.66166,43.432024,0.37,5,2025-01-23T12:30:00Z,2025-01-23T12:30:00Z,0,30,5,0.7282,1.6876,0.3502,1.0267,3.0099,-0.013393,-0.002957,6.03e-4,NA,FALSE,FALSE,0.003017,0.002816,56.4707,-0.753143,-0.432987,-0.39744,0.39744,0.432987,0.753143,-305.0931,-76.3629,-65.9586,65.9586,76.3629,305.0931
AQUA_20250123T133000_vs_HYPERNETS_20250123T134500_RHOW_raw.csv,THFR_raw,Hyp,AQUA,3.6641600000000003,43.43485999999999,3.66166,43.432024,0.37,5,2025-01-23T12:45:00Z,2025-01-23T12:30:00Z,15,30,5,0.6971,1.3535,0.3342,0.9647,2.7848,-0.010927,-0.002186,8.42e-4,NA,FALSE,FALSE,0.002597,0.002356,52.0234,-0.668128,-0.392149,-0.356978,0.356978,0.392149,0.668128,-201.3208,-64.514,-55.5156,55.5156,64.514,201.3208
AQUA_20250123T133000_vs_HYPERNETS_20250123T140000_RHOW_raw.csv,THFR_raw,Hyp,AQUA,3.6641600000000003,43.43485999999999,3.66166,43.432024,0.37,5,2025-01-23T13:00:00Z,2025-01-23T12:30:00Z,30,30,5,0.7151,1.3005,0.3425,0.9827,2.8194,-0.010481,-0.002059,8.76e-4,NA,FALSE,FALSE,0.002392,0.002139,49.6439,-0.636486,-0.368208,-0.329527,0.329527,0.368208,0.636486,-175.0923,-58.2799,-49.1484,49.1484,58.2799,175.0923
AQUA_20250131T135000_vs_HYPERNETS_20250131T133000_RHOW_raw.csv,THFR_raw,Hyp,AQUA,3.6641600000000003,43.43485999999999,3.657148,43.43142699999999,0.68,5,2025-01-31T12:30:00Z,2025-01-31T12:50:00Z,20,30,10,0.6691,1.0641,0.5332,0.895,1.5025,-0.004053,-0.001519,-1e-5,NA,FALSE,TRUE,0.002456,0.001957,48.4062,-0.783338,-0.400121,-0.212453,0.212453,0.400121,0.783338,-371.4941,-68.2408,-27.0004,27.0004,68.2408,371.4941
AQUA_20250131T135000_vs_HYPERNETS_20250131T134500_RHOW_raw.csv,THFR_raw,Hyp,AQUA,3.6641600000000003,43.43485999999999,3.657148,43.43142699999999,0.68,5,2025-01-31T12:45:00Z,2025-01-31T12:50:00Z,5,30,10,0.6657,1.1091,0.5286,0.8824,1.473,-0.004098,-0.001567,-5.1e-5,NA,FALSE,TRUE,0.002545,0.002071,50.4735,-0.786342,-0.427444,-0.234002,0.234002,0.427444,0.786342,-377.8212,-75.28,-30.5757,30.5757,75.28,377.8212
AQUA_20250131T135000_vs_HYPERNETS_20250131T140000_RHOW_raw.csv,THFR_raw,Hyp,AQUA,3.6641600000000003,43.43485999999999,3.657148,43.43142699999999,0.68,5,2025-01-31T13:00:00Z,2025-01-31T12:50:00Z,10,30,10,0.7199,1.0523,0.565,0.9216,1.5033,-0.003512,-0.001296,6.2e-5,NA,FALSE,FALSE,0.002093,0.001595,43.1786,-0.751686,-0.271702,-0.176031,0.176031,0.271702,0.751686,-308.5166,-37.4806,-21.3785,21.3785,37.4806,308.5166
AQUA_20250529T135000_vs_HYPERNETS_20250529T133000_RHOW_raw.csv,THFR_raw,Hyp,AQUA,3.6641600000000003,43.43485999999999,3.65476,43.430766,0.89,5,2025-05-29T11:30:00Z,2025-05-29T11:50:00Z,20,30,8,1.0885,2.2828,0.7916,1.2113,1.8535,-0.006253,-0.002783,-5.15e-4,NA,FALSE,TRUE,0.002245,0.001667,47.122,-0.769763,-0.558188,-0.041993,0.041993,0.558188,0.769763,-339.0699,-128.3806,-4.3834,4.3834,128.3806,339.0699
AQUA_20250529T135000_vs_HYPERNETS_20250529T134500_RHOW_raw.csv,THFR_raw,Hyp,AQUA,3.6641600000000003,43.43485999999999,3.65476,43.430766,0.89,5,2025-05-29T11:45:00Z,2025-05-29T11:50:00Z,5,30,8,1.0838,2.326,0.7861,1.211,1.8656,-0.006466,-0.0028769999999999998,-5.47e-4,NA,FALSE,TRUE,0.002319,0.001734,47.6834,-0.775235,-0.569492,-0.051435,0.051435,0.569492,0.775235,-350.2143,-134.7841,-5.423,5.423,134.7841,350.2143
AQUA_20250529T135000_vs_HYPERNETS_20250529T140100_RHOW_raw.csv,THFR_raw,Hyp,AQUA,3.6641600000000003,43.43485999999999,3.65476,43.430766,0.89,5,2025-05-29T12:01:00Z,2025-05-29T11:50:00Z,11,30,8,1.1011,2.3881,0.7993,1.2288,1.8891,-0.006591,-0.002971,-6.17e-4,NA,FALSE,TRUE,0.002317,0.001742,47.8255,-0.77538,-0.574861,-0.047693,0.047693,0.574861,0.77538,-351.5784,-138.4065,-5.0091,5.0091,138.4065,351.5784
AQUA_20250529T135000_vs_HYPERNETS_20250529T141500_RHOW_raw.csv,THFR_raw,Hyp,AQUA,3.6641600000000003,43.43485999999999,3.65476,43.430766,0.89,5,2025-05-29T12:15:00Z,2025-05-29T11:50:00Z,25,30,8,1.0589,2.5906,0.7666,1.1868,1.8374,-0.007273,-0.003366,-8.41e-4,NA,FALSE,TRUE,0.002735,0.002243,51.9138,-0.798731,-0.624145,-0.115024,0.115024,0.624145,0.798731,-407.6547,-172.1702,-13.001,13.001,172.1702,407.6547
AQUA_20250621T140001_vs_HYPERNETS_20250621T133000_RHOW_raw.csv,THFR_raw,Hyp,AQUA,3.6641600000000003,43.43485999999999,3.653476,43.431128,0.96,5,2025-06-21T11:30:00Z,2025-06-21T12:00:01Z,30,30,5,1.069,2.2194,0.6705,1.117,1.8608,-0.007915,-0.00314,-2.73e-4,NA,FALSE,TRUE,0.002512,0.002389,46.4698,-0.745574,-0.294241,-0.240127,0.240127,0.294241,0.745574,-293.0422,-41.6913,-31.601,31.601,41.6913,293.0422
AQUA_20250621T140001_vs_HYPERNETS_20250621T134500_RHOW_raw.csv,THFR_raw,Hyp,AQUA,3.6641600000000003,43.43485999999999,3.653476,43.431128,0.96,5,2025-06-21T11:45:00Z,2025-06-21T12:00:01Z,15,30,5,1.0142,2.1076,0.5323,1.1391,2.4376,-0.012178,-0.003543,4.92e-4,NA,FALSE,FALSE,0.002879,0.002618,47.4876,-0.788527,-0.302538,-0.240205,0.240205,0.302538,0.788527,-372.8726,-43.3769,-31.6145,31.6145,43.3769,372.8726
AQUA_20250621T140001_vs_HYPERNETS_20250621T140000_RHOW_raw.csv,THFR_raw,Hyp,AQUA,3.6641600000000003,43.43485999999999,3.653476,43.431128,0.96,5,2025-06-21T12:00:00Z,2025-06-21T12:00:01Z,0,30,5,1.0137,2.1312,0.5397,1.1279,2.3571,-0.011773,-0.003531,4.13e-4,NA,FALSE,FALSE,0.002911,0.002674,48.0125,-0.787255,-0.310949,-0.24896,0.24896,0.310949,0.787255,-370.046,-45.1272,-33.1487,33.1487,45.1272,370.046
AQUA_20250621T140001_vs_HYPERNETS_20250621T141500_RHOW_raw.csv,THFR_raw,Hyp,AQUA,3.6641600000000003,43.43485999999999,3.653476,43.431128,0.96,5,2025-06-21T12:15:00Z,2025-06-21T12:00:01Z,15,30,5,1.0705,2.0892,0.5634,1.1999,2.5555,-0.011995,-0.003493,4.98e-4,NA,FALSE,FALSE,0.00254,0.00224,44.3525,-0.774859,-0.264862,-0.194071,0.194071,0.264862,0.774859,-344.1662,-36.0289,-24.0804,24.0804,36.0289,344.1662
AQUA_20250716T135000_vs_HYPERNETS_20250716T133000_RHOW_raw.csv,THFR_raw,Hyp,AQUA,3.6641600000000003,43.43485999999999,3.65325,43.431613,0.95,5,2025-07-16T11:30:00Z,2025-07-16T11:50:00Z,20,30,10,1.0522,0.841,0.8246,1.1712,1.6635,-0.003566,-6.2e-5,0.002405,NA,FALSE,FALSE,0.002091,0.001819,36.1682,0.063799,0.145406,0.459939,0.091081,0.185998,0.623372,6.375,14.511,45.1565,9.0961,18.5909,77.8842
AQUA_20250716T135000_vs_HYPERNETS_20250716T134500_RHOW_raw.csv,THFR_raw,Hyp,AQUA,3.6641600000000003,43.43485999999999,3.65325,43.431613,0.95,5,2025-07-16T11:45:00Z,2025-07-16T11:50:00Z,5,30,10,1.0726,0.8285,0.8402,1.1955,1.701,-0.003494,4e-6,0.002462,NA,FALSE,FALSE,0.00222,0.001963,39.4222,0.095301,0.174112,0.515487,0.121901,0.217185,0.631761,9.525,17.3789,50.5857,12.1811,21.7086,84.8107
AQUA_20250716T135000_vs_HYPERNETS_20250716T140000_RHOW_raw.csv,THFR_raw,Hyp,AQUA,3.6641600000000003,43.43485999999999,3.65325,43.431613,0.95,5,2025-07-16T12:00:00Z,2025-07-16T11:50:00Z,10,30,10,1.0833,0.8446,0.8524,1.1955,1.6767,-0.003111,1.57e-4,0.002486,NA,FALSE,FALSE,0.00225,0.002013,40.8694,0.120985,0.185689,0.541665,0.139965,0.228587,0.634668,12.0959,18.5358,53.1096,13.992,22.8497,88.0465
AQUA_20250716T135000_vs_HYPERNETS_20250716T141500_RHOW_raw.csv,THFR_raw,Hyp,AQUA,3.6641600000000003,43.43485999999999,3.65325,43.431613,0.95,5,2025-07-16T12:15:00Z,2025-07-16T11:50:00Z,25,30,10,1.0943,0.8812,0.8612,1.207,1.6918,-0.003474,-1.08e-4,0.002294,NA,FALSE,FALSE,0.002153,0.001906,37.0267,0.098048,0.173449,0.477066,0.122161,0.216719,0.61382,9.8007,17.3112,46.9719,12.2082,21.6624,77.7993
AQUA_20250803T140000_vs_HYPERNETS_20250803T133000_RHOW_raw.csv,THFR_raw,Hyp,AQUA,3.6641600000000003,43.43485999999999,3.656524,43.432257,0.68,5,2025-08-03T11:30:00Z,2025-08-03T12:00:00Z,30,30,9,1.0194,0.9133,0.7601,1.2323,1.9979,-0.006837,-0.002567,6.7e-5,NA,FALSE,FALSE,0.002246,0.00143,26.2905,-0.43139,-0.073121,0.004651,0.02793,0.073121,0.43139,-75.8675,-7.889,0.4651,2.793,7.889,75.8675
AQUA_20250803T140000_vs_HYPERNETS_20250803T134500_RHOW_raw.csv,THFR_raw,Hyp,AQUA,3.6641600000000003,43.43485999999999,3.656524,43.432257,0.68,5,2025-08-03T11:45:00Z,2025-08-03T12:00:00Z,15,30,9,1.0294,0.9155,0.7676,1.2459,2.0223,-0.00689,-0.002591,5.7e-5,NA,FALSE,FALSE,0.002228,0.001422,26.2068,-0.426919,-0.072505,0.004049,0.037273,0.072505,0.426919,-74.4956,-7.8173,0.4049,3.7273,7.8173,74.4956
AQUA_20250803T140000_vs_HYPERNETS_20250803T140000_RHOW_raw.csv,THFR_raw,Hyp,AQUA,3.6641600000000003,43.43485999999999,3.656524,43.432257,0.68,5,2025-08-03T12:00:00Z,2025-08-03T12:00:00Z,0,30,9,1.0946,0.9459,0.8169,1.29,2.0369,-0.006274,-0.002394,6.3e-5,NA,FALSE,FALSE,0.001972,0.001348,25.9604,-0.386957,0.010023,0.068795,0.068795,0.094376,0.386957,-63.1207,1.0023,6.8795,6.8795,10.4211,63.1207
AQUA_20250803T140000_vs_HYPERNETS_20250803T141500_RHOW_raw.csv,THFR_raw,Hyp,AQUA,3.6641600000000003,43.43485999999999,3.656524,43.432257,0.68,5,2025-08-03T12:15:00Z,2025-08-03T12:00:00Z,15,30,9,1.1008,0.9545,0.8208,1.3155,2.1082,-0.00676,-0.002599,-2e-6,NA,FALSE,TRUE,0.002051,0.001408,26.5557,-0.394266,-0.032232,0.039763,0.039763,0.118007,0.394266,-65.089,-3.3306,3.9763,3.9763,11.8007,65.089
AQUA_20250803T140000_vs_HYPERNETS_20250803T143000_RHOW_raw.csv,THFR_raw,Hyp,AQUA,3.6641600000000003,43.43485999999999,3.656524,43.432257,0.68,5,2025-08-03T12:30:00Z,2025-08-03T12:00:00Z,30,30,9,1.1065,0.9455,0.8251,1.3374,2.1679,-0.007029,-0.002686,-8e-6,NA,FALSE,TRUE,0.002085,0.001449,26.8736,-0.395012,-0.032323,0.050507,0.050507,0.123427,0.395012,-65.2924,-3.3402,5.0507,5.0507,13.2304,65.2924
AQUA_20250915T135501_vs_HYPERNETS_20250915T133000_RHOW_raw.csv,THFR_raw,Hyp,AQUA,3.6641600000000003,43.43485999999999,3.658188,43.431363999999995,0.62,5,2025-09-15T11:30:00Z,2025-09-15T11:55:01Z,25,30,9,0.8462,0.9901,0.6311,1.0072,1.6076,-0.004944,-0.00188,3.9e-5,NA,FALSE,FALSE,0.002301,0.001843,37.426,-0.493869,-0.220444,-0.182819,0.182819,0.220444,0.493869,-97.5771,-28.2782,-22.3718,22.3718,28.2782,97.5771
AQUA_20250915T135501_vs_HYPERNETS_20250915T134500_RHOW_raw.csv,THFR_raw,Hyp,AQUA,3.6641600000000003,43.43485999999999,3.658188,43.431363999999995,0.62,5,2025-09-15T11:45:00Z,2025-09-15T11:55:01Z,10,30,9,0.8622,1.0447,0.6434,1.0178,1.61,-0.004943,-0.001926,-1.8e-5,NA,FALSE,TRUE,0.002272,0.001835,37.8667,-0.492105,-0.237742,-0.180716,0.180716,0.237742,0.492105,-96.8913,-31.1891,-22.0578,22.0578,31.1891,96.8913
AQUA_20250915T135501_vs_HYPERNETS_20250915T140000_RHOW_raw.csv,THFR_raw,Hyp,AQUA,3.6641600000000003,43.43485999999999,3.658188,43.431363999999995,0.62,5,2025-09-15T12:00:00Z,2025-09-15T11:55:01Z,5,30,9,0.8894,1.1833,0.6663,1.0249,1.5764,-0.004854,-0.002015,-1.69e-4,NA,FALSE,TRUE,0.002259,0.001887,39.7056,-0.489511,-0.279519,-0.198866,0.198866,0.279519,0.489511,-95.8905,-38.7961,-24.823,24.823,38.7961,95.8905
AQUA_20250915T135501_vs_HYPERNETS_20250915T141500_RHOW_raw.csv,THFR_raw,Hyp,AQUA,3.6641600000000003,43.43485999999999,3.658188,43.431363999999995,0.62,5,2025-09-15T12:15:00Z,2025-09-15T11:55:01Z,20,30,9,0.9205,1.2679,0.6925,1.0454,1.5784,-0.004724,-0.002029,-2.43e-4,NA,FALSE,TRUE,0.002147,0.001799,39.2429,-0.478186,-0.285043,-0.187838,0.187838,0.285043,0.478186,-91.6391,-39.8685,-23.1282,23.1282,39.8685,91.6391
AQUA_20250918T141501_vs_HYPERNETS_20250918T134500_RHOW_raw.csv,THFR_raw,Hyp,AQUA,3.6641600000000003,43.43485999999999,3.657435,43.431833,0.64,5,2025-09-18T11:45:00Z,2025-09-18T12:15:01Z,30,30,7,0.5534,0.9324,0.3726,0.6304,1.0666,-0.004061,-9.13e-4,9.48e-4,NA,FALSE,FALSE,0.00413,0.003581,49.5365,-0.549176,-0.458297,-0.414562,0.414562,0.458297,0.549176,-123.417,-84.6031,-70.8577,70.8577,84.6031,123.417
AQUA_20250918T141501_vs_HYPERNETS_20250918T140000_RHOW_raw.csv,THFR_raw,Hyp,AQUA,3.6641600000000003,43.43485999999999,3.657435,43.431833,0.64,5,2025-09-18T12:00:00Z,2025-09-18T12:15:01Z,15,30,7,0.5478,0.9603,0.36870000000000003,0.6242,1.0569,-0.004227,-0.001008,8.93e-4,NA,FALSE,FALSE,0.004341,0.003804,51.5242,-0.575047,-0.472225,-0.4272,0.4272,0.472225,0.575047,-136.9352,-89.4747,-74.6307,74.6307,89.4747,136.9352
AQUA_20250918T141501_vs_HYPERNETS_20250918T141500_RHOW_raw.csv,THFR_raw,Hyp,AQUA,3.6641600000000003,43.43485999999999,3.657435,43.431833,0.64,5,2025-09-18T12:15:00Z,2025-09-18T12:15:01Z,0,30,7,0.5514,0.9714,0.3724,0.6248,1.0482,-0.004164,-0.001014,8.65e-4,NA,FALSE,FALSE,0.00433,0.003806,51.6942,-0.575073,-0.471395,-0.428694,0.428694,0.471395,0.575073,-136.8768,-89.1771,-75.0896,75.0896,89.1771,136.8768
AQUA_20250918T141501_vs_HYPERNETS_20250918T143000_RHOW_raw.csv,THFR_raw,Hyp,AQUA,3.6641600000000003,43.43485999999999,3.657435,43.431833,0.64,5,2025-09-18T12:30:00Z,2025-09-18T12:15:01Z,15,30,7,0.5715,0.9118,0.3885,0.6419,1.0607,-0.003647,-7.72e-4,9.69e-4,NA,FALSE,FALSE,0.003771,0.003231,46.4454,-0.504552,-0.438641,-0.394866,0.394866,0.438641,0.504552,-103.44970000000001,-78.1392,-65.2984,65.2984,78.1392,103.44970000000001
AQUA_20250918T141501_vs_HYPERNETS_20250918T144500_RHOW_raw.csv,THFR_raw,Hyp,AQUA,3.6641600000000003,43.43485999999999,3.657435,43.431833,0.64,5,2025-09-18T12:45:00Z,2025-09-18T12:15:01Z,30,30,7,0.5733,0.9948,0.3898,0.6439,1.0636,-0.004088,-0.00104,8.06e-4,NA,FALSE,FALSE,0.00411,0.003626,50.8339,-0.567438,-0.456981,-0.415713,0.415713,0.456981,0.567438,-132.59,-84.1557,-71.1982,71.1982,84.1557,132.59
AQUA_20251008T140000_vs_HYPERNETS_20251008T133000_RHOW_raw.csv,THFR_raw,Hyp,AQUA,3.6641600000000003,43.43485999999999,3.660152,43.431895999999995,0.46,5,2025-10-08T11:30:00Z,2025-10-08T12:00:00Z,30,30,6,0.6427,3.3701,0.4242,0.6903,1.1233,-0.006855,-0.002821,-3.42e-4,NA,FALSE,TRUE,0.006014,0.005706,71.0978,-0.937007,-0.667036,-0.504388,0.504388,0.667036,0.937007,-2548.959,-235.0667,-101.8022,101.8022,235.0667,2548.959
AQUA_20251008T140000_vs_HYPERNETS_20251008T134500_RHOW_raw.csv,THFR_raw,Hyp,AQUA,3.6641600000000003,43.43485999999999,3.660152,43.431895999999995,0.46,5,2025-10-08T11:45:00Z,2025-10-08T12:00:00Z,15,30,6,0.6651,3.3536,0.4477,0.7076,1.1186,-0.006454,-0.002758,-4.19e-4,NA,FALSE,TRUE,0.005665,0.005388,70.1863,-0.933757,-0.65326,-0.491131,0.491131,0.65326,0.933757,-2448.3518,-220.1888,-96.531,96.531,220.1888,2448.3518
AQUA_20251008T140000_vs_HYPERNETS_20251008T140000_RHOW_raw.csv,THFR_raw,Hyp,AQUA,3.6641600000000003,43.43485999999999,3.660152,43.431895999999995,0.46,5,2025-10-08T12:00:00Z,2025-10-08T12:00:00Z,0,30,6,0.6553,3.3839,0.4369,0.7004,1.1228,-0.00669,-0.002816,-3.99e-4,NA,FALSE,TRUE,0.005853,0.005564,70.6794,-0.935651,-0.660132,-0.498171,0.498171,0.660132,0.935651,-2518.8407,-227.6482,-99.2916,99.2916,227.6482,2518.8407
AQUA_20251008T140000_vs_HYPERNETS_20251008T141500_RHOW_raw.csv,THFR_raw,Hyp,AQUA,3.6641600000000003,43.43485999999999,3.660152,43.431895999999995,0.46,5,2025-10-08T12:15:00Z,2025-10-08T12:00:00Z,15,30,6,0.6941,3.4332,0.4675,0.7383,1.166,-0.006595,-0.002852,-4.82e-4,NA,FALSE,TRUE,0.005388,0.005142,69.2522,-0.932329,-0.642575,-0.474279,0.474279,0.642575,0.932329,-2434.5865,-210.6875,-90.2343,90.2343,210.6875,2434.5865
AQUA_20251008T140000_vs_HYPERNETS_20251008T143000_RHOW_raw.csv,THFR_raw,Hyp,AQUA,3.6641600000000003,43.43485999999999,3.660152,43.431895999999995,0.46,5,2025-10-08T12:30:00Z,2025-10-08T12:00:00Z,30,30,6,0.7229,3.2998,0.4878,0.7682,1.21,-0.006308,-0.002688,-3.89e-4,NA,FALSE,TRUE,0.004822,0.004587,67.3613,-0.926827,-0.620697,-0.442763,0.442763,0.620697,0.926827,-2188.1407,-192.2293,-79.477,79.477,192.2293,2188.1407
AQUA_20251026T141001_vs_HYPERNETS_20251026T134500_RHOW_raw.csv,THFR_raw,Hyp,AQUA,3.6641600000000003,43.43485999999999,3.663472,43.430747,0.46,5,2025-10-26T12:45:00Z,2025-10-26T13:10:01Z,25,30,7,0.5648,1.8719,0.3882,0.6262,1.01,-0.006055,-0.002663,-5.6e-4,NA,FALSE,TRUE,0.006321,0.005967,74.0612,-0.873388,-0.814426,-0.555602,0.555602,0.814426,0.873388,-713.9946,-438.869,-125.0243,125.0243,438.869,713.9946
AQUA_20251026T141001_vs_HYPERNETS_20251026T143000_RHOW_raw.csv,THFR_raw,Hyp,AQUA,3.6641600000000003,43.43485999999999,3.663472,43.430747,0.46,5,2025-10-26T13:30:00Z,2025-10-26T13:10:01Z,20,30,7,0.6177,1.9898,0.4394,0.6652,1.0069,-0.00539,-0.002587,-7.34e-4,NA,FALSE,TRUE,0.005612,0.005334,72.4128,-0.869456,-0.793577,-0.528329,0.528329,0.793577,0.869456,-687.1936,-384.442,-112.0121,112.0121,384.442,687.1936
AQUA_20251118T141001_vs_HYPERNETS_20251118T134500_RHOW_raw.csv,THFR_raw,Hyp,AQUA,3.6641600000000003,43.43485999999999,3.6584079999999997,43.430492,0.67,5,2025-11-18T12:45:00Z,2025-11-18T13:10:01Z,25,30,5,0.7972,1.9264,0.4124,0.9049,1.9854,-0.008217,-0.00221,5.27e-4,NA,FALSE,FALSE,0.002918,0.002739,56.785,-0.851587,-0.409113,-0.401258,0.401258,0.409113,0.851587,-573.7942,-69.237,-67.0169,67.0169,69.237,573.7942
AQUA_20251118T141001_vs_HYPERNETS_20251118T140000_RHOW_raw.csv,THFR_raw,Hyp,AQUA,3.6641600000000003,43.43485999999999,3.6584079999999997,43.430492,0.67,5,2025-11-18T13:00:00Z,2025-11-18T13:10:01Z,10,30,5,0.8934,1.9195,0.468,1.0046,2.1566,-0.007871,-0.00216,5e-4,NA,FALSE,FALSE,0.00232,0.002137,51.6439,-0.830976,-0.339164,-0.332149,0.332149,0.339164,0.830976,-491.633,-51.3235,-49.7341,49.7341,51.3235,491.633
AQUA_20251118T141001_vs_HYPERNETS_20251118T141500_RHOW_raw.csv,THFR_raw,Hyp,AQUA,3.6641600000000003,43.43485999999999,3.6584079999999997,43.430492,0.67,5,2025-11-18T13:15:00Z,2025-11-18T13:10:01Z,5,30,5,0.975,2.0403,0.511,1.0959,2.3501,-0.008206,-0.002321,4.22e-4,NA,FALSE,FALSE,0.002067,0.001871,48.8876,-0.821713,-0.298612,-0.289122,0.289122,0.298612,0.821713,-460.8922,-42.5745,-40.671,40.671,42.5745,460.8922
AQUA_20251118T141001_vs_HYPERNETS_20251118T143000_RHOW_raw.csv,THFR_raw,Hyp,AQUA,3.6641600000000003,43.43485999999999,3.6584079999999997,43.430492,0.67,5,2025-11-18T13:30:00Z,2025-11-18T13:10:01Z,20,30,5,1.0803,1.9961,0.5759,1.2012,2.5054,-0.007667,-0.002208,4.09e-4,NA,FALSE,FALSE,0.001608,0.001366,42.8799,-0.796061,-0.217145,-0.210943,0.210943,0.217145,0.796061,-390.3432,-27.7375,-26.7336,26.7336,27.7375,390.3432
AQUA_20251120T135000_vs_HYPERNETS_20251120T140000_RHOW_raw.csv,THFR_raw,Hyp,AQUA,3.6641600000000003,43.43485999999999,3.6717340000000003,43.427543,1.02,5,2025-11-20T13:00:00Z,2025-11-20T12:50:00Z,10,30,0,NA,NA,NA,NA,NA,NA,NA,NA,NA,NA,NA,NA,NA,NA,NA,NA,NA,NA,NA,NA,NA,NA,NA,NA,NA,NA
AQUA_20251120T135000_vs_HYPERNETS_20251120T141500_RHOW_raw.csv,THFR_raw,Hyp,AQUA,3.6641600000000003,43.43485999999999,3.6717340000000003,43.427543,1.02,5,2025-11-20T13:15:00Z,2025-11-20T12:50:00Z,25,30,0,NA,NA,NA,NA,NA,NA,NA,NA,NA,NA,NA,NA,NA,NA,NA,NA,NA,NA,NA,NA,NA,NA,NA,NA,NA,NA
